,type,action,event_time,session_id,membership_role,membership_type,event__id,event__type,event__actor_type,event__action,event__object_type,event__object_name,event__object_extensions_asset_type,event__object_extensions_http_method,event__eventTime,event__edApp_type,event__session_type,object_id_type,event__object_id_type,event__attachment_type,object_id,event__object_extensions_asset_name,actor_id
950,NavigationEvent,navigatedto,2033-01-23 04:18:45.959000+00:00,322b13af875561ee4cd44a97703749f4,"[""Learner""]",Membership,786df9714ded29dd3ee8f61557251105,NavigationEvent,Person,NavigatedTo,Page,,wiki_page,GET,2033-01-23 04:18:45.959000+00:00,SoftwareApplication,Session,wikiPage,wikiPage,,d0830b45b5e5d05589a59d363d04ee0c,1.10 Module 1 conclusion,LEARNER_1
2559,NavigationEvent,navigatedto,2033-01-22 16:29:07.648000+00:00,5684a69fa62e9411a66444bb73c9b205,"[""Learner""]",Membership,ada586b1b9a6f968ffbf515c7e10fec2,NavigationEvent,Person,NavigatedTo,Page,,wiki_page,GET,2033-01-22 16:29:07.648000+00:00,SoftwareApplication,Session,wikiPage,wikiPage,,d0830b45b5e5d05589a59d363d04ee0c,1.10 Module 1 conclusion,LEARNER_2
2560,NavigationEvent,navigatedto,2033-01-17 16:11:03.166000+00:00,6b28ec7e560a8ea56cc95a2d2ce21f12,"[""Learner""]",Membership,06b0f43733a943f0a0374ef646cef48c,NavigationEvent,Person,NavigatedTo,Page,,wiki_page,GET,2033-01-17 16:11:03.166000+00:00,SoftwareApplication,Session,wikiPage,wikiPage,,d0830b45b5e5d05589a59d363d04ee0c,1.10 Module 1 conclusion,LEARNER_2
2561,NavigationEvent,navigatedto,2033-01-22 14:51:06.340000+00:00,5684a69fa62e9411a66444bb73c9b205,"[""Learner""]",Membership,6a6a5adc3087bd3d0f4a44c8d3a90131,NavigationEvent,Person,NavigatedTo,Page,,wiki_page,GET,2033-01-22 14:51:06.340000+00:00,SoftwareApplication,Session,wikiPage,wikiPage,,d0830b45b5e5d05589a59d363d04ee0c,1.10 Module 1 conclusion,LEARNER_2
2562,NavigationEvent,navigatedto,2033-01-23 03:41:52.046000+00:00,d8e90ab8ffa3d7b1e1612cce7b1ceb37,"[""Learner""]",Membership,89f7c398993db6ca047328d9e391aba4,NavigationEvent,Person,NavigatedTo,Page,,wiki_page,GET,2033-01-23 03:41:52.046000+00:00,SoftwareApplication,Session,wikiPage,wikiPage,,d0830b45b5e5d05589a59d363d04ee0c,1.10 Module 1 conclusion,LEARNER_2
2563,NavigationEvent,navigatedto,2033-01-10 16:22:09.244000+00:00,ef5ccc99d4ea2ed3ae0767e8909f5a3e,"[""Learner""]",Membership,6ca1f60625bbd56f3316ae278d67c2a5,NavigationEvent,Person,NavigatedTo,Page,,wiki_page,GET,2033-01-10 16:22:09.244000+00:00,SoftwareApplication,Session,wikiPage,wikiPage,,d0830b45b5e5d05589a59d363d04ee0c,1.10 Module 1 conclusion,LEARNER_2
2564,NavigationEvent,navigatedto,2033-01-10 16:22:09.254000+00:00,ef5ccc99d4ea2ed3ae0767e8909f5a3e,"[""Learner""]",Membership,2c3e422486ed7774440e8c8c552f6a6e,NavigationEvent,Person,NavigatedTo,Page,,wiki_page,GET,2033-01-10 16:22:09.254000+00:00,SoftwareApplication,Session,wikiPage,wikiPage,,d0830b45b5e5d05589a59d363d04ee0c,1.10 Module 1 conclusion,LEARNER_2
4712,NavigationEvent,navigatedto,2033-01-22 08:39:41.203000+00:00,1d67546e080af3bb1571f650e5b1427e,"[""Learner""]",Membership,49c5234896882f833f1b5731ed194c14,NavigationEvent,Person,NavigatedTo,Page,,wiki_page,GET,2033-01-22 08:39:41.203000+00:00,SoftwareApplication,Session,wikiPage,wikiPage,,d0830b45b5e5d05589a59d363d04ee0c,1.10 Module 1 conclusion,LEARNER_3
4713,NavigationEvent,navigatedto,2033-02-28 13:11:06.346000+00:00,19da6c426f4d4ee2f6f3830d77ae1e50,"[""Learner""]",Membership,e644bcf6a3e3f3b66a67adf7729418e7,NavigationEvent,Person,NavigatedTo,Page,,wiki_page,GET,2033-02-28 13:11:06.346000+00:00,SoftwareApplication,Session,wikiPage,wikiPage,,d0830b45b5e5d05589a59d363d04ee0c,1.10 Module 1 conclusion,LEARNER_3
4714,NavigationEvent,navigatedto,2033-01-22 03:14:22.902000+00:00,1d67546e080af3bb1571f650e5b1427e,"[""Learner""]",Membership,7b98502b4b17210cea03b4e73946fa41,NavigationEvent,Person,NavigatedTo,Page,,wiki_page,GET,2033-01-22 03:14:22.902000+00:00,SoftwareApplication,Session,wikiPage,wikiPage,,d0830b45b5e5d05589a59d363d04ee0c,1.10 Module 1 conclusion,LEARNER_3
4715,NavigationEvent,navigatedto,2033-01-16 09:12:45.525000+00:00,9b2c39423808454b6ff3c491a6ae4b60,"[""Learner""]",Membership,d240421dbb8304eff9bb5933e2811e2d,NavigationEvent,Person,NavigatedTo,Page,,wiki_page,GET,2033-01-16 09:12:45.525000+00:00,SoftwareApplication,Session,wikiPage,wikiPage,,d0830b45b5e5d05589a59d363d04ee0c,1.10 Module 1 conclusion,LEARNER_3
6526,NavigationEvent,navigatedto,2033-01-26 05:01:13.192000+00:00,e2b8826622581f433c3f3a0ef063e457,"[""Learner""]",Membership,fdacc769ed334fd61ea613163d3b1518,NavigationEvent,Person,NavigatedTo,Page,,wiki_page,GET,2033-01-26 05:01:13.192000+00:00,SoftwareApplication,Session,wikiPage,wikiPage,,d0830b45b5e5d05589a59d363d04ee0c,1.10 Module 1 conclusion,LEARNER_4
6527,NavigationEvent,navigatedto,2033-01-09 09:35:57.314000+00:00,8dbc4094f9a93958e6eeb036eb91f40d,"[""Learner""]",Membership,cf1540f49570cffd9cf269b264c4b246,NavigationEvent,Person,NavigatedTo,Page,,wiki_page,GET,2033-01-09 09:35:57.314000+00:00,SoftwareApplication,Session,wikiPage,wikiPage,,d0830b45b5e5d05589a59d363d04ee0c,1.10 Module 1 conclusion,LEARNER_4
8104,NavigationEvent,navigatedto,2033-01-10 17:39:54.810000+00:00,6c614cbbd37743613969e77b02a4bb8b,"[""Learner""]",Membership,35f5edfbb434653db41e239e864c1747,NavigationEvent,Person,NavigatedTo,Page,,wiki_page,GET,2033-01-10 17:39:54.810000+00:00,SoftwareApplication,Session,wikiPage,wikiPage,,d0830b45b5e5d05589a59d363d04ee0c,1.10 Module 1 conclusion,LEARNER_5
10723,NavigationEvent,navigatedto,2033-01-21 12:19:01.756000+00:00,cfd929c3642c05d030bfb4914f7e9116,"[""Learner""]",Membership,3025fa1a480435a9453b389bf704976a,NavigationEvent,Person,NavigatedTo,Page,,wiki_page,GET,2033-01-21 12:19:01.756000+00:00,SoftwareApplication,Session,wikiPage,wikiPage,,d0830b45b5e5d05589a59d363d04ee0c,1.10 Module 1 conclusion,LEARNER_6
10724,NavigationEvent,navigatedto,2033-01-21 04:17:27.133000+00:00,cfd929c3642c05d030bfb4914f7e9116,"[""Learner""]",Membership,de1eeca3c57c77b6f124e0c847c607d2,NavigationEvent,Person,NavigatedTo,Page,,wiki_page,GET,2033-01-21 04:17:27.133000+00:00,SoftwareApplication,Session,wikiPage,wikiPage,,d0830b45b5e5d05589a59d363d04ee0c,1.10 Module 1 conclusion,LEARNER_6
10725,NavigationEvent,navigatedto,2033-01-17 12:04:09.678000+00:00,7cb9dab5ed2ba78b34a7e15f178cccde,"[""Learner""]",Membership,c8744690925e640d91cc23de4426445d,NavigationEvent,Person,NavigatedTo,Page,,wiki_page,GET,2033-01-17 12:04:09.678000+00:00,SoftwareApplication,Session,wikiPage,wikiPage,,d0830b45b5e5d05589a59d363d04ee0c,1.10 Module 1 conclusion,LEARNER_6
10726,NavigationEvent,navigatedto,2033-01-24 04:10:29.068000+00:00,cfd929c3642c05d030bfb4914f7e9116,"[""Learner""]",Membership,2ff1ec10c3014007077b7c707af605fb,NavigationEvent,Person,NavigatedTo,Page,,wiki_page,GET,2033-01-24 04:10:29.068000+00:00,SoftwareApplication,Session,wikiPage,wikiPage,,d0830b45b5e5d05589a59d363d04ee0c,1.10 Module 1 conclusion,LEARNER_6
13255,NavigationEvent,navigatedto,2033-01-15 03:43:23.587000+00:00,b40c899ce0b6accbb890e9ae6f449a86,"[""Learner""]",Membership,604f8a148264b71b2d1b464412e72b5f,NavigationEvent,Person,NavigatedTo,Page,,wiki_page,GET,2033-01-15 03:43:23.587000+00:00,SoftwareApplication,Session,wikiPage,wikiPage,,d0830b45b5e5d05589a59d363d04ee0c,1.10 Module 1 conclusion,LEARNER_7
13256,NavigationEvent,navigatedto,2033-01-23 14:26:33.530000+00:00,8a54e76d46c2e982c7862c88837a8d31,"[""Learner""]",Membership,7b3015651052311e2a83cbc63444a719,NavigationEvent,Person,NavigatedTo,Page,,wiki_page,GET,2033-01-23 14:26:33.530000+00:00,SoftwareApplication,Session,wikiPage,wikiPage,,d0830b45b5e5d05589a59d363d04ee0c,1.10 Module 1 conclusion,LEARNER_7
13257,NavigationEvent,navigatedto,2033-01-23 18:04:27.140000+00:00,8a54e76d46c2e982c7862c88837a8d31,"[""Learner""]",Membership,7c99e4ba81f6caaf9a87b9a0e7b84565,NavigationEvent,Person,NavigatedTo,Page,,wiki_page,GET,2033-01-23 18:04:27.140000+00:00,SoftwareApplication,Session,wikiPage,wikiPage,,d0830b45b5e5d05589a59d363d04ee0c,1.10 Module 1 conclusion,LEARNER_7
16092,NavigationEvent,navigatedto,2033-01-23 16:59:43.272000+00:00,588eb8e5c826a46858f83d4bb3e3d033,"[""Learner""]",Membership,befa607e2befc248eb7b99cffeef525d,NavigationEvent,Person,NavigatedTo,Page,,wiki_page,GET,2033-01-23 16:59:43.272000+00:00,SoftwareApplication,Session,wikiPage,wikiPage,,d0830b45b5e5d05589a59d363d04ee0c,1.10 Module 1 conclusion,LEARNER_8
16093,NavigationEvent,navigatedto,2033-01-23 16:58:41.140000+00:00,588eb8e5c826a46858f83d4bb3e3d033,"[""Learner""]",Membership,4a503f86ffa01c875471dad357905dd3,NavigationEvent,Person,NavigatedTo,Page,,wiki_page,GET,2033-01-23 16:58:41.140000+00:00,SoftwareApplication,Session,wikiPage,wikiPage,,d0830b45b5e5d05589a59d363d04ee0c,1.10 Module 1 conclusion,LEARNER_8
16094,NavigationEvent,navigatedto,2033-02-02 15:25:20.888000+00:00,eb0bc91b61a52a9133caa30d07d9a0f8,"[""Learner""]",Membership,bcaba5b363a2afb71a430e76fda7749c,NavigationEvent,Person,NavigatedTo,Page,,wiki_page,GET,2033-02-02 15:25:20.888000+00:00,SoftwareApplication,Session,wikiPage,wikiPage,,d0830b45b5e5d05589a59d363d04ee0c,1.10 Module 1 conclusion,LEARNER_8
16095,NavigationEvent,navigatedto,2033-02-02 15:13:23.896000+00:00,eb0bc91b61a52a9133caa30d07d9a0f8,"[""Learner""]",Membership,f177d391a1ed316d9642f9834b8805dc,NavigationEvent,Person,NavigatedTo,Page,,wiki_page,GET,2033-02-02 15:13:23.896000+00:00,SoftwareApplication,Session,wikiPage,wikiPage,,d0830b45b5e5d05589a59d363d04ee0c,1.10 Module 1 conclusion,LEARNER_8
16096,NavigationEvent,navigatedto,2033-02-02 15:08:33.670000+00:00,eb0bc91b61a52a9133caa30d07d9a0f8,"[""Learner""]",Membership,7bb3e250c4440872ee2ef7e73b36bae6,NavigationEvent,Person,NavigatedTo,Page,,wiki_page,GET,2033-02-02 15:08:33.670000+00:00,SoftwareApplication,Session,wikiPage,wikiPage,,d0830b45b5e5d05589a59d363d04ee0c,1.10 Module 1 conclusion,LEARNER_8
16097,NavigationEvent,navigatedto,2033-01-22 12:01:49.605000+00:00,588eb8e5c826a46858f83d4bb3e3d033,"[""Learner""]",Membership,c0673378fa745165cb57ed0cfd5686a5,NavigationEvent,Person,NavigatedTo,Page,,wiki_page,GET,2033-01-22 12:01:49.605000+00:00,SoftwareApplication,Session,wikiPage,wikiPage,,d0830b45b5e5d05589a59d363d04ee0c,1.10 Module 1 conclusion,LEARNER_8
16098,NavigationEvent,navigatedto,2033-01-22 12:02:38.278000+00:00,588eb8e5c826a46858f83d4bb3e3d033,"[""Learner""]",Membership,4eea146432ae9bbc6a23a221a8693e53,NavigationEvent,Person,NavigatedTo,Page,,wiki_page,GET,2033-01-22 12:02:38.278000+00:00,SoftwareApplication,Session,wikiPage,wikiPage,,d0830b45b5e5d05589a59d363d04ee0c,1.10 Module 1 conclusion,LEARNER_8
16099,NavigationEvent,navigatedto,2033-01-22 12:02:38.724000+00:00,588eb8e5c826a46858f83d4bb3e3d033,"[""Learner""]",Membership,30bfcee7c59d7a7c16a53aef86a98408,NavigationEvent,Person,NavigatedTo,Page,,wiki_page,GET,2033-01-22 12:02:38.724000+00:00,SoftwareApplication,Session,wikiPage,wikiPage,,d0830b45b5e5d05589a59d363d04ee0c,1.10 Module 1 conclusion,LEARNER_8
16100,NavigationEvent,navigatedto,2033-01-25 15:37:29.573000+00:00,5ba9e3b61aecf6745d914482ddf14e94,"[""Learner""]",Membership,b9185a061cc22ada09e034c765c00eb6,NavigationEvent,Person,NavigatedTo,Page,,wiki_page,GET,2033-01-25 15:37:29.573000+00:00,SoftwareApplication,Session,wikiPage,wikiPage,,d0830b45b5e5d05589a59d363d04ee0c,1.10 Module 1 conclusion,LEARNER_8
16101,NavigationEvent,navigatedto,2033-01-25 15:39:35.890000+00:00,5ba9e3b61aecf6745d914482ddf14e94,"[""Learner""]",Membership,b8ffe3f587db585d678cb23779dc3102,NavigationEvent,Person,NavigatedTo,Page,,wiki_page,GET,2033-01-25 15:39:35.890000+00:00,SoftwareApplication,Session,wikiPage,wikiPage,,d0830b45b5e5d05589a59d363d04ee0c,1.10 Module 1 conclusion,LEARNER_8
16102,NavigationEvent,navigatedto,2033-01-25 15:10:59.482000+00:00,5ba9e3b61aecf6745d914482ddf14e94,"[""Learner""]",Membership,ba460562e02f73201c3d793816ade630,NavigationEvent,Person,NavigatedTo,Page,,wiki_page,GET,2033-01-25 15:10:59.482000+00:00,SoftwareApplication,Session,wikiPage,wikiPage,,d0830b45b5e5d05589a59d363d04ee0c,1.10 Module 1 conclusion,LEARNER_8
16103,NavigationEvent,navigatedto,2033-01-25 15:13:47.011000+00:00,5ba9e3b61aecf6745d914482ddf14e94,"[""Learner""]",Membership,ea21ba683f341519932a26fa083bd6c5,NavigationEvent,Person,NavigatedTo,Page,,wiki_page,GET,2033-01-25 15:13:47.011000+00:00,SoftwareApplication,Session,wikiPage,wikiPage,,d0830b45b5e5d05589a59d363d04ee0c,1.10 Module 1 conclusion,LEARNER_8
16104,NavigationEvent,navigatedto,2033-01-25 15:34:24.935000+00:00,5ba9e3b61aecf6745d914482ddf14e94,"[""Learner""]",Membership,efe7dbad6fd53ad583758e10f6fc8d07,NavigationEvent,Person,NavigatedTo,Page,,wiki_page,GET,2033-01-25 15:34:24.935000+00:00,SoftwareApplication,Session,wikiPage,wikiPage,,d0830b45b5e5d05589a59d363d04ee0c,1.10 Module 1 conclusion,LEARNER_8
16892,NavigationEvent,navigatedto,2033-01-08 06:31:48.555000+00:00,6e4d03ae3483977bda21e93eebbae4c6,"[""Learner""]",Membership,ede6c18a1cbc6f4d406b84f6bf5f7fab,NavigationEvent,Person,NavigatedTo,Page,,wiki_page,GET,2033-01-08 06:31:48.555000+00:00,SoftwareApplication,Session,wikiPage,wikiPage,,d0830b45b5e5d05589a59d363d04ee0c,1.10 Module 1 conclusion,LEARNER_9
17896,NavigationEvent,navigatedto,2033-02-01 10:15:18.030000+00:00,4c4eeaee1500194a192aa499f00965f8,"[""Learner""]",Membership,26ee879b06b1bd9d0c9e3b571e9d0dd9,NavigationEvent,Person,NavigatedTo,Page,,wiki_page,GET,2033-02-01 10:15:18.030000+00:00,SoftwareApplication,Session,wikiPage,wikiPage,,d0830b45b5e5d05589a59d363d04ee0c,1.10 Module 1 conclusion,LEARNER_10
17897,NavigationEvent,navigatedto,2033-01-29 11:24:59.485000+00:00,4c4eeaee1500194a192aa499f00965f8,"[""Learner""]",Membership,422cf272d8fc6acc12a93ad5410126b1,NavigationEvent,Person,NavigatedTo,Page,,wiki_page,GET,2033-01-29 11:24:59.485000+00:00,SoftwareApplication,Session,wikiPage,wikiPage,,d0830b45b5e5d05589a59d363d04ee0c,1.10 Module 1 conclusion,LEARNER_10
19911,NavigationEvent,navigatedto,2033-01-27 04:48:21.043000+00:00,3ce631a389a1bd79fbae658de919d4e3,"[""Learner""]",Membership,75f4759417db744454c1c405ede438a0,NavigationEvent,Person,NavigatedTo,Page,,wiki_page,GET,2033-01-27 04:48:21.043000+00:00,SoftwareApplication,Session,wikiPage,wikiPage,,d0830b45b5e5d05589a59d363d04ee0c,1.10 Module 1 conclusion,LEARNER_11
19912,NavigationEvent,navigatedto,2033-01-28 07:01:48.700000+00:00,3ce631a389a1bd79fbae658de919d4e3,"[""Learner""]",Membership,14b1cc2c761ecd30cff464c8d7a718c4,NavigationEvent,Person,NavigatedTo,Page,,wiki_page,GET,2033-01-28 07:01:48.700000+00:00,SoftwareApplication,Session,wikiPage,wikiPage,,d0830b45b5e5d05589a59d363d04ee0c,1.10 Module 1 conclusion,LEARNER_11
19913,NavigationEvent,navigatedto,2033-01-25 13:09:41.365000+00:00,3ce631a389a1bd79fbae658de919d4e3,"[""Learner""]",Membership,7a01297711c0b970d4d9ded99dff78a5,NavigationEvent,Person,NavigatedTo,Page,,wiki_page,GET,2033-01-25 13:09:41.365000+00:00,SoftwareApplication,Session,wikiPage,wikiPage,,d0830b45b5e5d05589a59d363d04ee0c,1.10 Module 1 conclusion,LEARNER_11
21772,NavigationEvent,navigatedto,2033-05-11 18:07:16.175000+00:00,21f35ffd8d989da1b80ac2d21ec00fec,"[""Learner""]",Membership,e459546c50034ffa47adcc674dc0e241,NavigationEvent,Person,NavigatedTo,Page,,wiki_page,GET,2033-05-11 18:07:16.175000+00:00,SoftwareApplication,Session,wikiPage,wikiPage,,d0830b45b5e5d05589a59d363d04ee0c,1.10 Module 1 conclusion,LEARNER_12
21773,NavigationEvent,navigatedto,2033-02-26 22:50:18.573000+00:00,97387a6c96ebc4af32835b38b0ff57c1,"[""Learner""]",Membership,f3888d6ff5415a97c1491354de737439,NavigationEvent,Person,NavigatedTo,Page,,wiki_page,GET,2033-02-26 22:50:18.573000+00:00,SoftwareApplication,Session,wikiPage,wikiPage,,d0830b45b5e5d05589a59d363d04ee0c,1.10 Module 1 conclusion,LEARNER_12
21774,NavigationEvent,navigatedto,2033-02-26 22:53:03.547000+00:00,97387a6c96ebc4af32835b38b0ff57c1,"[""Learner""]",Membership,4974fde476eb0aaf07badec5e7bcbdc0,NavigationEvent,Person,NavigatedTo,Page,,wiki_page,GET,2033-02-26 22:53:03.547000+00:00,SoftwareApplication,Session,wikiPage,wikiPage,,d0830b45b5e5d05589a59d363d04ee0c,1.10 Module 1 conclusion,LEARNER_12
21775,NavigationEvent,navigatedto,2033-02-26 22:51:18.568000+00:00,97387a6c96ebc4af32835b38b0ff57c1,"[""Learner""]",Membership,c5e8823b73bc47238765953f08855163,NavigationEvent,Person,NavigatedTo,Page,,wiki_page,GET,2033-02-26 22:51:18.568000+00:00,SoftwareApplication,Session,wikiPage,wikiPage,,d0830b45b5e5d05589a59d363d04ee0c,1.10 Module 1 conclusion,LEARNER_12
21776,NavigationEvent,navigatedto,2033-02-28 00:33:15.807000+00:00,6eee2712a1361f8452544854aae104f3,"[""Learner""]",Membership,6518bab6d412949b4f74ff9a35ba2081,NavigationEvent,Person,NavigatedTo,Page,,wiki_page,GET,2033-02-28 00:33:15.807000+00:00,SoftwareApplication,Session,wikiPage,wikiPage,,d0830b45b5e5d05589a59d363d04ee0c,1.10 Module 1 conclusion,LEARNER_12
25303,NavigationEvent,navigatedto,2033-01-25 10:28:46.244000+00:00,73dfe0a77b98cac0f55d25129be536a9,"[""Learner""]",Membership,257292eba747ff438413ad0aafbffd72,NavigationEvent,Person,NavigatedTo,Page,,wiki_page,GET,2033-01-25 10:28:46.244000+00:00,SoftwareApplication,Session,wikiPage,wikiPage,,d0830b45b5e5d05589a59d363d04ee0c,1.10 Module 1 conclusion,LEARNER_13
25304,NavigationEvent,navigatedto,2033-03-04 12:54:09.527000+00:00,cbe267d70cada4c7346a817d7760cdaa,"[""Learner""]",Membership,671c6776017fbca7d51fe4a27974447c,NavigationEvent,Person,NavigatedTo,Page,,wiki_page,GET,2033-03-04 12:54:09.527000+00:00,SoftwareApplication,Session,wikiPage,wikiPage,,d0830b45b5e5d05589a59d363d04ee0c,1.10 Module 1 conclusion,LEARNER_13
25305,NavigationEvent,navigatedto,2033-03-28 13:22:28.542000+00:00,5392d77cc607c6ebe8479fad9ac23a94,"[""Learner""]",Membership,9662ef3d6e3f2532d98af70f530de7a5,NavigationEvent,Person,NavigatedTo,Page,,wiki_page,GET,2033-03-28 13:22:28.542000+00:00,SoftwareApplication,Session,wikiPage,wikiPage,,d0830b45b5e5d05589a59d363d04ee0c,1.10 Module 1 conclusion,LEARNER_13
25306,NavigationEvent,navigatedto,2033-04-14 06:19:06.384000+00:00,ec0a44917cb0403b0e75f43c219f9fb6,"[""Learner""]",Membership,111463cf999e9c50f5bffb57154dccbc,NavigationEvent,Person,NavigatedTo,Page,,wiki_page,GET,2033-04-14 06:19:06.384000+00:00,SoftwareApplication,Session,wikiPage,wikiPage,,d0830b45b5e5d05589a59d363d04ee0c,1.10 Module 1 conclusion,LEARNER_13
25307,NavigationEvent,navigatedto,2033-02-03 09:11:48.756000+00:00,ece118fb1c5a6a37200701a2f51d276f,"[""Learner""]",Membership,f47f450f7d96548ea9c02ca3d2d26672,NavigationEvent,Person,NavigatedTo,Page,,wiki_page,GET,2033-02-03 09:11:48.756000+00:00,SoftwareApplication,Session,wikiPage,wikiPage,,d0830b45b5e5d05589a59d363d04ee0c,1.10 Module 1 conclusion,LEARNER_13
25308,NavigationEvent,navigatedto,2033-03-01 06:08:29.949000+00:00,cbe267d70cada4c7346a817d7760cdaa,"[""Learner""]",Membership,613e1261b7c308bf1b392deebeb07d00,NavigationEvent,Person,NavigatedTo,Page,,wiki_page,GET,2033-03-01 06:08:29.949000+00:00,SoftwareApplication,Session,wikiPage,wikiPage,,d0830b45b5e5d05589a59d363d04ee0c,1.10 Module 1 conclusion,LEARNER_13
25309,NavigationEvent,navigatedto,2033-03-29 04:08:05.768000+00:00,5392d77cc607c6ebe8479fad9ac23a94,"[""Learner""]",Membership,3b70b4a22bdd1d0972d221ba4e5ca074,NavigationEvent,Person,NavigatedTo,Page,,wiki_page,GET,2033-03-29 04:08:05.768000+00:00,SoftwareApplication,Session,wikiPage,wikiPage,,d0830b45b5e5d05589a59d363d04ee0c,1.10 Module 1 conclusion,LEARNER_13
25310,NavigationEvent,navigatedto,2033-01-25 12:10:06.943000+00:00,73dfe0a77b98cac0f55d25129be536a9,"[""Learner""]",Membership,5eb200948a26fef88b411ddde99d7976,NavigationEvent,Person,NavigatedTo,Page,,wiki_page,GET,2033-01-25 12:10:06.943000+00:00,SoftwareApplication,Session,wikiPage,wikiPage,,d0830b45b5e5d05589a59d363d04ee0c,1.10 Module 1 conclusion,LEARNER_13
25311,NavigationEvent,navigatedto,2033-05-25 11:36:09.976000+00:00,14c143fa22e5bd01390009f78289e3e8,"[""Learner""]",Membership,463a564a0ed235422296ecaba3971c8e,NavigationEvent,Person,NavigatedTo,Page,,wiki_page,GET,2033-05-25 11:36:09.976000+00:00,SoftwareApplication,Session,wikiPage,wikiPage,,d0830b45b5e5d05589a59d363d04ee0c,1.10 Module 1 conclusion,LEARNER_13
25312,NavigationEvent,navigatedto,2033-01-26 05:58:36.928000+00:00,adce1cec27725b00d1386c88e24541b0,"[""Learner""]",Membership,982128bcdc9789cd278cacad3c4acf11,NavigationEvent,Person,NavigatedTo,Page,,wiki_page,GET,2033-01-26 05:58:36.928000+00:00,SoftwareApplication,Session,wikiPage,wikiPage,,d0830b45b5e5d05589a59d363d04ee0c,1.10 Module 1 conclusion,LEARNER_13
25313,NavigationEvent,navigatedto,2033-01-27 07:27:15.900000+00:00,adce1cec27725b00d1386c88e24541b0,"[""Learner""]",Membership,c85145cbc8d2b57d89ca11e14515ce50,NavigationEvent,Person,NavigatedTo,Page,,wiki_page,GET,2033-01-27 07:27:15.900000+00:00,SoftwareApplication,Session,wikiPage,wikiPage,,d0830b45b5e5d05589a59d363d04ee0c,1.10 Module 1 conclusion,LEARNER_13
25314,NavigationEvent,navigatedto,2033-01-26 02:52:54.856000+00:00,2c5387315edce3c042625153c40ad56c,"[""Learner""]",Membership,e3aae445e624d897c3a2365fe0dc2ab7,NavigationEvent,Person,NavigatedTo,Page,,wiki_page,GET,2033-01-26 02:52:54.856000+00:00,SoftwareApplication,Session,wikiPage,wikiPage,,d0830b45b5e5d05589a59d363d04ee0c,1.10 Module 1 conclusion,LEARNER_13
25315,NavigationEvent,navigatedto,2033-03-01 13:35:56.835000+00:00,cbe267d70cada4c7346a817d7760cdaa,"[""Learner""]",Membership,619185115d2d3253f88e2df160ca6546,NavigationEvent,Person,NavigatedTo,Page,,wiki_page,GET,2033-03-01 13:35:56.835000+00:00,SoftwareApplication,Session,wikiPage,wikiPage,,d0830b45b5e5d05589a59d363d04ee0c,1.10 Module 1 conclusion,LEARNER_13
27083,NavigationEvent,navigatedto,2033-01-22 03:37:46.753000+00:00,4930e4d6880b12a01d611280d3052daf,"[""Learner""]",Membership,8e84c05f593044a3114f70ef0727414c,NavigationEvent,Person,NavigatedTo,Page,,wiki_page,GET,2033-01-22 03:37:46.753000+00:00,SoftwareApplication,Session,wikiPage,wikiPage,,d0830b45b5e5d05589a59d363d04ee0c,1.10 Module 1 conclusion,LEARNER_14
27084,NavigationEvent,navigatedto,2033-01-13 15:35:46.217000+00:00,565c476bcd5409f38358988ea75b6a87,"[""Learner""]",Membership,43565e4200d2c5013a5d8da97d815d98,NavigationEvent,Person,NavigatedTo,Page,,wiki_page,GET,2033-01-13 15:35:46.217000+00:00,SoftwareApplication,Session,wikiPage,wikiPage,,d0830b45b5e5d05589a59d363d04ee0c,1.10 Module 1 conclusion,LEARNER_14
27085,NavigationEvent,navigatedto,2033-01-13 15:35:46.231000+00:00,565c476bcd5409f38358988ea75b6a87,"[""Learner""]",Membership,d6a1e0f73cfe9159e5eaef8b2804d4d4,NavigationEvent,Person,NavigatedTo,Page,,wiki_page,GET,2033-01-13 15:35:46.231000+00:00,SoftwareApplication,Session,wikiPage,wikiPage,,d0830b45b5e5d05589a59d363d04ee0c,1.10 Module 1 conclusion,LEARNER_14
27086,NavigationEvent,navigatedto,2033-01-13 15:36:00.591000+00:00,565c476bcd5409f38358988ea75b6a87,"[""Learner""]",Membership,2905dfa211f548db3aa10352086212b6,NavigationEvent,Person,NavigatedTo,Page,,wiki_page,GET,2033-01-13 15:36:00.591000+00:00,SoftwareApplication,Session,wikiPage,wikiPage,,d0830b45b5e5d05589a59d363d04ee0c,1.10 Module 1 conclusion,LEARNER_14
27087,NavigationEvent,navigatedto,2033-01-13 15:36:00.599000+00:00,565c476bcd5409f38358988ea75b6a87,"[""Learner""]",Membership,9afc75a84e021fb5f1d8a52bb9130c1d,NavigationEvent,Person,NavigatedTo,Page,,wiki_page,GET,2033-01-13 15:36:00.599000+00:00,SoftwareApplication,Session,wikiPage,wikiPage,,d0830b45b5e5d05589a59d363d04ee0c,1.10 Module 1 conclusion,LEARNER_14
27088,NavigationEvent,navigatedto,2033-01-26 16:47:48.793000+00:00,20c8879525d6f0850ad1dbb6d2bc2810,"[""Learner""]",Membership,d44f7fc081e3f140279cdaf370f172d1,NavigationEvent,Person,NavigatedTo,Page,,wiki_page,GET,2033-01-26 16:47:48.793000+00:00,SoftwareApplication,Session,wikiPage,wikiPage,,d0830b45b5e5d05589a59d363d04ee0c,1.10 Module 1 conclusion,LEARNER_14
27089,NavigationEvent,navigatedto,2033-01-26 16:47:48.842000+00:00,20c8879525d6f0850ad1dbb6d2bc2810,"[""Learner""]",Membership,cc0ca7de81647ddfb050a933638c226f,NavigationEvent,Person,NavigatedTo,Page,,wiki_page,GET,2033-01-26 16:47:48.842000+00:00,SoftwareApplication,Session,wikiPage,wikiPage,,d0830b45b5e5d05589a59d363d04ee0c,1.10 Module 1 conclusion,LEARNER_14
27090,NavigationEvent,navigatedto,2033-01-26 16:47:54.471000+00:00,20c8879525d6f0850ad1dbb6d2bc2810,"[""Learner""]",Membership,586ecc1b86b1de4ff8d640a56fb1f5ce,NavigationEvent,Person,NavigatedTo,Page,,wiki_page,GET,2033-01-26 16:47:54.471000+00:00,SoftwareApplication,Session,wikiPage,wikiPage,,d0830b45b5e5d05589a59d363d04ee0c,1.10 Module 1 conclusion,LEARNER_14
27091,NavigationEvent,navigatedto,2033-01-26 16:47:54.462000+00:00,20c8879525d6f0850ad1dbb6d2bc2810,"[""Learner""]",Membership,14084386be9881c09df84f83f719c194,NavigationEvent,Person,NavigatedTo,Page,,wiki_page,GET,2033-01-26 16:47:54.462000+00:00,SoftwareApplication,Session,wikiPage,wikiPage,,d0830b45b5e5d05589a59d363d04ee0c,1.10 Module 1 conclusion,LEARNER_14
30969,NavigationEvent,navigatedto,2033-01-22 14:24:22.671000+00:00,2326a542527e1715a90fd85114dd15f0,"[""Instructor""]",Membership,bda5f55ed24a5fe1b4ddbdd98b63213c,NavigationEvent,Person,NavigatedTo,Page,,wiki_page,GET,2033-01-22 14:24:22.671000+00:00,SoftwareApplication,Session,wikiPage,wikiPage,,d0830b45b5e5d05589a59d363d04ee0c,1.10 Module 1 conclusion,INSTRUCTOR
30970,NavigationEvent,navigatedto,2033-01-08 14:50:31.806000+00:00,65d493f1f09f087b1ec773cb7a6e0697,"[""Instructor""]",Membership,36eb64deb0f4020e16dad0a382af2f8a,NavigationEvent,Person,NavigatedTo,Page,,wiki_page,GET,2033-01-08 14:50:31.806000+00:00,SoftwareApplication,Session,wikiPage,wikiPage,,d0830b45b5e5d05589a59d363d04ee0c,1.10 Module 1 conclusion,INSTRUCTOR
33055,NavigationEvent,navigatedto,2033-01-18 16:33:00.072000+00:00,34a5b9ceeb3a56062d90a40d762b5bd8,"[""Learner""]",Membership,8baa39773914b68c1f0c5e9f2f02c02c,NavigationEvent,Person,NavigatedTo,Page,,wiki_page,GET,2033-01-18 16:33:00.072000+00:00,SoftwareApplication,Session,wikiPage,wikiPage,,d0830b45b5e5d05589a59d363d04ee0c,1.10 Module 1 conclusion,LEARNER_16
33056,NavigationEvent,navigatedto,2033-01-21 15:05:27.841000+00:00,ebdbbf81f21c40c8305ec823d70f471d,"[""Learner""]",Membership,ae14144588832309e94eff943419e57a,NavigationEvent,Person,NavigatedTo,Page,,wiki_page,GET,2033-01-21 15:05:27.841000+00:00,SoftwareApplication,Session,wikiPage,wikiPage,,d0830b45b5e5d05589a59d363d04ee0c,1.10 Module 1 conclusion,LEARNER_16
34809,NavigationEvent,navigatedto,2033-01-27 04:53:40.947000+00:00,ece145d24f35f386b9aaec30d47ddc53,"[""Learner""]",Membership,b33d313da4ae5088b2fca9599152a8da,NavigationEvent,Person,NavigatedTo,Page,,wiki_page,GET,2033-01-27 04:53:40.947000+00:00,SoftwareApplication,Session,wikiPage,wikiPage,,d0830b45b5e5d05589a59d363d04ee0c,1.10 Module 1 conclusion,LEARNER_17
34810,NavigationEvent,navigatedto,2033-03-24 05:16:34.265000+00:00,e6bf27a0eb36aa9b853cd40e6c4fa22d,"[""Learner""]",Membership,109683592cf34545251d9021087542e0,NavigationEvent,Person,NavigatedTo,Page,,wiki_page,GET,2033-03-24 05:16:34.265000+00:00,SoftwareApplication,Session,wikiPage,wikiPage,,d0830b45b5e5d05589a59d363d04ee0c,1.10 Module 1 conclusion,LEARNER_17
34811,NavigationEvent,navigatedto,2033-02-05 11:44:21.133000+00:00,d8ce083586513c9a19c99b5fe1eb2452,"[""Learner""]",Membership,2a1dddbf7a4e0ee925964f1dab481b1c,NavigationEvent,Person,NavigatedTo,Page,,wiki_page,GET,2033-02-05 11:44:21.133000+00:00,SoftwareApplication,Session,wikiPage,wikiPage,,d0830b45b5e5d05589a59d363d04ee0c,1.10 Module 1 conclusion,LEARNER_17
34812,NavigationEvent,navigatedto,2033-01-27 05:29:40.638000+00:00,ece145d24f35f386b9aaec30d47ddc53,"[""Learner""]",Membership,c4e7d139a87994391f97c543b56bb60a,NavigationEvent,Person,NavigatedTo,Page,,wiki_page,GET,2033-01-27 05:29:40.638000+00:00,SoftwareApplication,Session,wikiPage,wikiPage,,d0830b45b5e5d05589a59d363d04ee0c,1.10 Module 1 conclusion,LEARNER_17
34813,NavigationEvent,navigatedto,2033-01-27 05:19:49.321000+00:00,ece145d24f35f386b9aaec30d47ddc53,"[""Learner""]",Membership,2456be8b4965ef0151d3c3eeacec1eb7,NavigationEvent,Person,NavigatedTo,Page,,wiki_page,GET,2033-01-27 05:19:49.321000+00:00,SoftwareApplication,Session,wikiPage,wikiPage,,d0830b45b5e5d05589a59d363d04ee0c,1.10 Module 1 conclusion,LEARNER_17
34814,NavigationEvent,navigatedto,2033-01-27 06:10:12.648000+00:00,ece145d24f35f386b9aaec30d47ddc53,"[""Learner""]",Membership,c22122dcb8112b86c33278b1b2727110,NavigationEvent,Person,NavigatedTo,Page,,wiki_page,GET,2033-01-27 06:10:12.648000+00:00,SoftwareApplication,Session,wikiPage,wikiPage,,d0830b45b5e5d05589a59d363d04ee0c,1.10 Module 1 conclusion,LEARNER_17
34815,NavigationEvent,navigatedto,2033-01-27 07:42:12.598000+00:00,ece145d24f35f386b9aaec30d47ddc53,"[""Learner""]",Membership,e850a0a48c0f252202becde3073a0bd3,NavigationEvent,Person,NavigatedTo,Page,,wiki_page,GET,2033-01-27 07:42:12.598000+00:00,SoftwareApplication,Session,wikiPage,wikiPage,,d0830b45b5e5d05589a59d363d04ee0c,1.10 Module 1 conclusion,LEARNER_17
34816,NavigationEvent,navigatedto,2033-01-27 07:21:25.652000+00:00,ece145d24f35f386b9aaec30d47ddc53,"[""Learner""]",Membership,d954e44cbf28590db79ebda3b8f43fa5,NavigationEvent,Person,NavigatedTo,Page,,wiki_page,GET,2033-01-27 07:21:25.652000+00:00,SoftwareApplication,Session,wikiPage,wikiPage,,d0830b45b5e5d05589a59d363d04ee0c,1.10 Module 1 conclusion,LEARNER_17
34817,NavigationEvent,navigatedto,2033-02-05 06:41:35.758000+00:00,d8ce083586513c9a19c99b5fe1eb2452,"[""Learner""]",Membership,0d30959d26d5ff03896a9eae25efe72c,NavigationEvent,Person,NavigatedTo,Page,,wiki_page,GET,2033-02-05 06:41:35.758000+00:00,SoftwareApplication,Session,wikiPage,wikiPage,,d0830b45b5e5d05589a59d363d04ee0c,1.10 Module 1 conclusion,LEARNER_17
36242,NavigationEvent,navigatedto,2033-01-28 13:51:54.153000+00:00,b6b485d24f13bff473c327f997c96c28,"[""Learner""]",Membership,1168ee3ea306c2169f41dd60a9894326,NavigationEvent,Person,NavigatedTo,Page,,wiki_page,GET,2033-01-28 13:51:54.153000+00:00,SoftwareApplication,Session,wikiPage,wikiPage,,d0830b45b5e5d05589a59d363d04ee0c,1.10 Module 1 conclusion,LEARNER_18
36243,NavigationEvent,navigatedto,2033-01-28 18:18:50.343000+00:00,b6b485d24f13bff473c327f997c96c28,"[""Learner""]",Membership,374687f195b7400034e4434af493e522,NavigationEvent,Person,NavigatedTo,Page,,wiki_page,GET,2033-01-28 18:18:50.343000+00:00,SoftwareApplication,Session,wikiPage,wikiPage,,d0830b45b5e5d05589a59d363d04ee0c,1.10 Module 1 conclusion,LEARNER_18
37919,NavigationEvent,navigatedto,2033-01-21 11:55:45.076000+00:00,fc7e521e492b17dd10a5de3bf6e876cb,"[""Learner""]",Membership,213b469e1a79c0e0f3bca5b161cc412c,NavigationEvent,Person,NavigatedTo,Page,,wiki_page,GET,2033-01-21 11:55:45.076000+00:00,SoftwareApplication,Session,wikiPage,wikiPage,,d0830b45b5e5d05589a59d363d04ee0c,1.10 Module 1 conclusion,LEARNER_19
37920,NavigationEvent,navigatedto,2033-02-04 11:22:08.474000+00:00,979edf76b7fa3130a9f30fd762ce176a,"[""Learner""]",Membership,d4677ec0dcdb51e7d69b88fd5a87e641,NavigationEvent,Person,NavigatedTo,Page,,wiki_page,GET,2033-02-04 11:22:08.474000+00:00,SoftwareApplication,Session,wikiPage,wikiPage,,d0830b45b5e5d05589a59d363d04ee0c,1.10 Module 1 conclusion,LEARNER_19
37921,NavigationEvent,navigatedto,2033-01-21 13:47:42.268000+00:00,fc7e521e492b17dd10a5de3bf6e876cb,"[""Learner""]",Membership,7838d17ecb26a83309a1e5a40396e29c,NavigationEvent,Person,NavigatedTo,Page,,wiki_page,GET,2033-01-21 13:47:42.268000+00:00,SoftwareApplication,Session,wikiPage,wikiPage,,d0830b45b5e5d05589a59d363d04ee0c,1.10 Module 1 conclusion,LEARNER_19
39337,NavigationEvent,navigatedto,2033-01-21 17:11:54.316000+00:00,9504506e57d140b00cae825666595034,"[""Learner""]",Membership,7597e994d4a58f43c34b5859c99e3187,NavigationEvent,Person,NavigatedTo,Page,,wiki_page,GET,2033-01-21 17:11:54.316000+00:00,SoftwareApplication,,wikiPage,wikiPage,,d0830b45b5e5d05589a59d363d04ee0c,1.10 Module 1 conclusion,LEARNER_20
39338,NavigationEvent,navigatedto,2033-01-27 05:52:27.182000+00:00,b01ba2baeeca14a6a4bb19beabd4ceb1,"[""Learner""]",Membership,7d27e9c7ac9c041ac600c627ef8fa46b,NavigationEvent,Person,NavigatedTo,Page,,wiki_page,GET,2033-01-27 05:52:27.182000+00:00,SoftwareApplication,Session,wikiPage,wikiPage,,d0830b45b5e5d05589a59d363d04ee0c,1.10 Module 1 conclusion,LEARNER_20
39339,NavigationEvent,navigatedto,2033-01-09 17:57:18.332000+00:00,9504506e57d140b00cae825666595034,"[""Learner""]",Membership,5920978938dc0292c2cb1e3f9451a4a2,NavigationEvent,Person,NavigatedTo,Page,,wiki_page,GET,2033-01-09 17:57:18.332000+00:00,SoftwareApplication,,wikiPage,wikiPage,,d0830b45b5e5d05589a59d363d04ee0c,1.10 Module 1 conclusion,LEARNER_20
39340,NavigationEvent,navigatedto,2033-01-27 09:48:19.724000+00:00,b01ba2baeeca14a6a4bb19beabd4ceb1,"[""Learner""]",Membership,9b256e3b56781c2331f15e8702318c1e,NavigationEvent,Person,NavigatedTo,Page,,wiki_page,GET,2033-01-27 09:48:19.724000+00:00,SoftwareApplication,Session,wikiPage,wikiPage,,d0830b45b5e5d05589a59d363d04ee0c,1.10 Module 1 conclusion,LEARNER_20
40346,NavigationEvent,navigatedto,2033-01-28 23:32:21.183000+00:00,8fcc879b0c6014667e8943c3034d8438,"[""Learner""]",Membership,8e8d5a11fc05f3c4b992cced610b9105,NavigationEvent,Person,NavigatedTo,Page,,wiki_page,GET,2033-01-28 23:32:21.183000+00:00,SoftwareApplication,Session,wikiPage,wikiPage,,d0830b45b5e5d05589a59d363d04ee0c,1.10 Module 1 conclusion,LEARNER_21
40347,NavigationEvent,navigatedto,2033-01-28 16:16:57.879000+00:00,8fcc879b0c6014667e8943c3034d8438,"[""Learner""]",Membership,e7a76842a4d738dcb90366de84992e65,NavigationEvent,Person,NavigatedTo,Page,,wiki_page,GET,2033-01-28 16:16:57.879000+00:00,SoftwareApplication,Session,wikiPage,wikiPage,,d0830b45b5e5d05589a59d363d04ee0c,1.10 Module 1 conclusion,LEARNER_21
41354,NavigationEvent,navigatedto,2033-01-24 01:14:59.898000+00:00,d3a2e1abf4fed6c5304cb332d501444c,"[""Learner""]",Membership,848bbc379df98182b4ec5cddd09a7fab,NavigationEvent,Person,NavigatedTo,Page,,wiki_page,GET,2033-01-24 01:14:59.898000+00:00,SoftwareApplication,Session,wikiPage,wikiPage,,d0830b45b5e5d05589a59d363d04ee0c,1.10 Module 1 conclusion,LEARNER_22
43084,NavigationEvent,navigatedto,2033-01-23 18:43:16.798000+00:00,292664b550de94bb64e53b02f87846a5,"[""Learner""]",Membership,cd660c6cd6b8676bb327f9f48a9ebbd1,NavigationEvent,Person,NavigatedTo,Page,,wiki_page,GET,2033-01-23 18:43:16.798000+00:00,SoftwareApplication,Session,wikiPage,wikiPage,,d0830b45b5e5d05589a59d363d04ee0c,1.10 Module 1 conclusion,LEARNER_23
43085,NavigationEvent,navigatedto,2033-01-23 18:38:18.013000+00:00,292664b550de94bb64e53b02f87846a5,"[""Learner""]",Membership,74f444c653d955b6a3f06ea5e62c7be8,NavigationEvent,Person,NavigatedTo,Page,,wiki_page,GET,2033-01-23 18:38:18.013000+00:00,SoftwareApplication,Session,wikiPage,wikiPage,,d0830b45b5e5d05589a59d363d04ee0c,1.10 Module 1 conclusion,LEARNER_23
43086,NavigationEvent,navigatedto,2033-01-23 18:38:23.506000+00:00,292664b550de94bb64e53b02f87846a5,"[""Learner""]",Membership,d6ef099a55acbf85af06314140e1ac96,NavigationEvent,Person,NavigatedTo,Page,,wiki_page,GET,2033-01-23 18:38:23.506000+00:00,SoftwareApplication,Session,wikiPage,wikiPage,,d0830b45b5e5d05589a59d363d04ee0c,1.10 Module 1 conclusion,LEARNER_23
43087,NavigationEvent,navigatedto,2033-04-04 09:57:40.654000+00:00,5cbdaa14a546209b4ec4c59c65cc8665,"[""Learner""]",Membership,0a2788e75f50e3d316184c63af2ef317,NavigationEvent,Person,NavigatedTo,Page,,wiki_page,GET,2033-04-04 09:57:40.654000+00:00,SoftwareApplication,Session,wikiPage,wikiPage,,d0830b45b5e5d05589a59d363d04ee0c,1.10 Module 1 conclusion,LEARNER_23
43088,NavigationEvent,navigatedto,2033-04-04 09:56:52.456000+00:00,5cbdaa14a546209b4ec4c59c65cc8665,"[""Learner""]",Membership,fbd415cf4f0d81e49d263b8a096bdd10,NavigationEvent,Person,NavigatedTo,Page,,wiki_page,GET,2033-04-04 09:56:52.456000+00:00,SoftwareApplication,Session,wikiPage,wikiPage,,d0830b45b5e5d05589a59d363d04ee0c,1.10 Module 1 conclusion,LEARNER_23
43089,NavigationEvent,navigatedto,2033-01-24 06:15:48.146000+00:00,292664b550de94bb64e53b02f87846a5,"[""Learner""]",Membership,29bb37460c93bf36573d3a788501365b,NavigationEvent,Person,NavigatedTo,Page,,wiki_page,GET,2033-01-24 06:15:48.146000+00:00,SoftwareApplication,Session,wikiPage,wikiPage,,d0830b45b5e5d05589a59d363d04ee0c,1.10 Module 1 conclusion,LEARNER_23
43090,NavigationEvent,navigatedto,2033-01-22 10:21:56.887000+00:00,292664b550de94bb64e53b02f87846a5,"[""Learner""]",Membership,0b8486d05b85cdb5a280bf2da5c03b32,NavigationEvent,Person,NavigatedTo,Page,,wiki_page,GET,2033-01-22 10:21:56.887000+00:00,SoftwareApplication,Session,wikiPage,wikiPage,,d0830b45b5e5d05589a59d363d04ee0c,1.10 Module 1 conclusion,LEARNER_23
43091,NavigationEvent,navigatedto,2033-01-22 10:23:25.089000+00:00,292664b550de94bb64e53b02f87846a5,"[""Learner""]",Membership,97e2f8a4bef6b8ea41f0441777bad3d7,NavigationEvent,Person,NavigatedTo,Page,,wiki_page,GET,2033-01-22 10:23:25.089000+00:00,SoftwareApplication,Session,wikiPage,wikiPage,,d0830b45b5e5d05589a59d363d04ee0c,1.10 Module 1 conclusion,LEARNER_23
44878,NavigationEvent,navigatedto,2033-01-16 01:57:01.697000+00:00,6551f17d495d2205f2e376e1a5e0b784,"[""Learner""]",Membership,053b9a86992854d4870ba2d86d743c2b,NavigationEvent,Person,NavigatedTo,Page,,wiki_page,GET,2033-01-16 01:57:01.697000+00:00,SoftwareApplication,Session,wikiPage,wikiPage,,d0830b45b5e5d05589a59d363d04ee0c,1.10 Module 1 conclusion,LEARNER_24
44879,NavigationEvent,navigatedto,2033-01-16 01:57:08.711000+00:00,6551f17d495d2205f2e376e1a5e0b784,"[""Learner""]",Membership,97a2a76870d837287e2f0e6d9395b293,NavigationEvent,Person,NavigatedTo,Page,,wiki_page,GET,2033-01-16 01:57:08.711000+00:00,SoftwareApplication,Session,wikiPage,wikiPage,,d0830b45b5e5d05589a59d363d04ee0c,1.10 Module 1 conclusion,LEARNER_24
44880,NavigationEvent,navigatedto,2033-01-18 06:36:02.672000+00:00,813b33e527a2a819729ec4fe449ab2ed,"[""Learner""]",Membership,9c2ac78d155500ba24a8b4eef206ae9e,NavigationEvent,Person,NavigatedTo,Page,,wiki_page,GET,2033-01-18 06:36:02.672000+00:00,SoftwareApplication,Session,wikiPage,wikiPage,,d0830b45b5e5d05589a59d363d04ee0c,1.10 Module 1 conclusion,LEARNER_24
44881,NavigationEvent,navigatedto,2033-01-16 04:34:33.174000+00:00,6551f17d495d2205f2e376e1a5e0b784,"[""Learner""]",Membership,60ce0bf50be5fed44f750b7433ae9608,NavigationEvent,Person,NavigatedTo,Page,,wiki_page,GET,2033-01-16 04:34:33.174000+00:00,SoftwareApplication,Session,wikiPage,wikiPage,,d0830b45b5e5d05589a59d363d04ee0c,1.10 Module 1 conclusion,LEARNER_24
46218,NavigationEvent,navigatedto,2033-01-29 10:36:25.175000+00:00,7d0c27744b0720e7ff9a6753d01e3588,"[""Learner""]",Membership,a3ddddc806fda59d6e554b64acf1861c,NavigationEvent,Person,NavigatedTo,Page,,wiki_page,GET,2033-01-29 10:36:25.175000+00:00,SoftwareApplication,Session,wikiPage,wikiPage,,d0830b45b5e5d05589a59d363d04ee0c,1.10 Module 1 conclusion,LEARNER_26
47501,NavigationEvent,navigatedto,2033-01-28 11:09:44.311000+00:00,fff347d46324cc5aa813ee315fe638ae,"[""Learner""]",Membership,5cffb1ce4b64df31885d6b3db6cf11ac,NavigationEvent,Person,NavigatedTo,Page,,wiki_page,GET,2033-01-28 11:09:44.311000+00:00,SoftwareApplication,Session,wikiPage,wikiPage,,d0830b45b5e5d05589a59d363d04ee0c,1.10 Module 1 conclusion,LEARNER_27
47502,NavigationEvent,navigatedto,2033-01-23 15:22:52.856000+00:00,30acd721316dca7268082d1a84cc97a8,"[""Learner""]",Membership,8a43e9a5fe886c850a32707af917c960,NavigationEvent,Person,NavigatedTo,Page,,wiki_page,GET,2033-01-23 15:22:52.856000+00:00,SoftwareApplication,Session,wikiPage,wikiPage,,d0830b45b5e5d05589a59d363d04ee0c,1.10 Module 1 conclusion,LEARNER_27
48055,NavigationEvent,navigatedto,2033-01-28 03:59:18.605000+00:00,de7ac0e149543e540fd81a371b623735,"[""Learner""]",Membership,e5dc7d9d1ace8c794b2a4f40b82c9187,NavigationEvent,Person,NavigatedTo,Page,,wiki_page,GET,2033-01-28 03:59:18.605000+00:00,SoftwareApplication,Session,wikiPage,wikiPage,,d0830b45b5e5d05589a59d363d04ee0c,1.10 Module 1 conclusion,LEARNER_28
48056,NavigationEvent,navigatedto,2033-01-31 03:32:52.906000+00:00,45cf26ecb23d52d6e58837394970829f,"[""Learner""]",Membership,b7fb50b50c6db5b23427b4d922b01c63,NavigationEvent,Person,NavigatedTo,Page,,wiki_page,GET,2033-01-31 03:32:52.906000+00:00,SoftwareApplication,Session,wikiPage,wikiPage,,d0830b45b5e5d05589a59d363d04ee0c,1.10 Module 1 conclusion,LEARNER_28
48057,NavigationEvent,navigatedto,2033-01-31 03:31:41.255000+00:00,45cf26ecb23d52d6e58837394970829f,"[""Learner""]",Membership,bd471790d7ba430c1f4e2be76b902072,NavigationEvent,Person,NavigatedTo,Page,,wiki_page,GET,2033-01-31 03:31:41.255000+00:00,SoftwareApplication,Session,wikiPage,wikiPage,,d0830b45b5e5d05589a59d363d04ee0c,1.10 Module 1 conclusion,LEARNER_28
48058,NavigationEvent,navigatedto,2033-02-03 20:17:03.396000+00:00,3f4f59ce39630b36c6ff53a0c637406d,"[""Learner""]",Membership,e12354e40e22e00d26b7481411afa0b1,NavigationEvent,Person,NavigatedTo,Page,,wiki_page,GET,2033-02-03 20:17:03.396000+00:00,SoftwareApplication,Session,wikiPage,wikiPage,,d0830b45b5e5d05589a59d363d04ee0c,1.10 Module 1 conclusion,LEARNER_28
48059,NavigationEvent,navigatedto,2033-02-03 20:17:21.255000+00:00,3f4f59ce39630b36c6ff53a0c637406d,"[""Learner""]",Membership,d3fc4f93ac1a6cc409b60e799bb677df,NavigationEvent,Person,NavigatedTo,Page,,wiki_page,GET,2033-02-03 20:17:21.255000+00:00,SoftwareApplication,Session,wikiPage,wikiPage,,d0830b45b5e5d05589a59d363d04ee0c,1.10 Module 1 conclusion,LEARNER_28
48060,NavigationEvent,navigatedto,2033-02-02 19:53:18.500000+00:00,3f4f59ce39630b36c6ff53a0c637406d,"[""Learner""]",Membership,44e7eca61e7a9b554ce2d521942cea53,NavigationEvent,Person,NavigatedTo,Page,,wiki_page,GET,2033-02-02 19:53:18.500000+00:00,SoftwareApplication,Session,wikiPage,wikiPage,,d0830b45b5e5d05589a59d363d04ee0c,1.10 Module 1 conclusion,LEARNER_28
48061,NavigationEvent,navigatedto,2033-02-02 19:53:45.971000+00:00,3f4f59ce39630b36c6ff53a0c637406d,"[""Learner""]",Membership,e0c32e4f82314dc3866040525e5977bf,NavigationEvent,Person,NavigatedTo,Page,,wiki_page,GET,2033-02-02 19:53:45.971000+00:00,SoftwareApplication,Session,wikiPage,wikiPage,,d0830b45b5e5d05589a59d363d04ee0c,1.10 Module 1 conclusion,LEARNER_28
50027,NavigationEvent,navigatedto,2033-01-11 06:16:34.439000+00:00,2a75cb374282fd72256adae723cac757,"[""Learner""]",Membership,8e4afe05391a7bb3f872c0743d131ac9,NavigationEvent,Person,NavigatedTo,Page,,wiki_page,GET,2033-01-11 06:16:34.439000+00:00,SoftwareApplication,Session,wikiPage,wikiPage,,d0830b45b5e5d05589a59d363d04ee0c,1.10 Module 1 conclusion,LEARNER_29
50028,NavigationEvent,navigatedto,2033-01-23 07:34:08.245000+00:00,666b4605523724bc4bcf2f53408c1bbc,"[""Learner""]",Membership,4ada90f5ef54e2ba192644987b857575,NavigationEvent,Person,NavigatedTo,Page,,wiki_page,GET,2033-01-23 07:34:08.245000+00:00,SoftwareApplication,Session,wikiPage,wikiPage,,d0830b45b5e5d05589a59d363d04ee0c,1.10 Module 1 conclusion,LEARNER_29
50029,NavigationEvent,navigatedto,2033-01-23 07:34:17.231000+00:00,666b4605523724bc4bcf2f53408c1bbc,"[""Learner""]",Membership,6d61cd806661ecde28a04c5b053162fb,NavigationEvent,Person,NavigatedTo,Page,,wiki_page,GET,2033-01-23 07:34:17.231000+00:00,SoftwareApplication,Session,wikiPage,wikiPage,,d0830b45b5e5d05589a59d363d04ee0c,1.10 Module 1 conclusion,LEARNER_29
50030,NavigationEvent,navigatedto,2033-01-25 07:35:58.443000+00:00,8c3245a6d9eabd8589c275415199a1e7,"[""Learner""]",Membership,5c28c597105a372de5ce2345ccdf36e8,NavigationEvent,Person,NavigatedTo,Page,,wiki_page,GET,2033-01-25 07:35:58.443000+00:00,SoftwareApplication,Session,wikiPage,wikiPage,,d0830b45b5e5d05589a59d363d04ee0c,1.10 Module 1 conclusion,LEARNER_29
50031,NavigationEvent,navigatedto,2033-01-26 08:26:29.135000+00:00,8c3245a6d9eabd8589c275415199a1e7,"[""Learner""]",Membership,c949dd83d940b9700fd175ec9e6b1081,NavigationEvent,Person,NavigatedTo,Page,,wiki_page,GET,2033-01-26 08:26:29.135000+00:00,SoftwareApplication,Session,wikiPage,wikiPage,,d0830b45b5e5d05589a59d363d04ee0c,1.10 Module 1 conclusion,LEARNER_29
51507,NavigationEvent,navigatedto,2033-01-26 23:37:57.731000+00:00,f7ddf79fa5497371e77f153333ca8419,"[""Learner""]",Membership,2ff2a6ab6f726d159f44713b5c5c6f4a,NavigationEvent,Person,NavigatedTo,Page,,wiki_page,GET,2033-01-26 23:37:57.731000+00:00,SoftwareApplication,Session,wikiPage,wikiPage,,d0830b45b5e5d05589a59d363d04ee0c,1.10 Module 1 conclusion,LEARNER_30
51508,NavigationEvent,navigatedto,2033-01-22 06:56:00.507000+00:00,af23bced96b2219f4fd457855eaca22c,"[""Learner""]",Membership,d4264c1faf1edd376ca2c06c8fcdf3b4,NavigationEvent,Person,NavigatedTo,Page,,wiki_page,GET,2033-01-22 06:56:00.507000+00:00,SoftwareApplication,Session,wikiPage,wikiPage,,d0830b45b5e5d05589a59d363d04ee0c,1.10 Module 1 conclusion,LEARNER_30
51509,NavigationEvent,navigatedto,2033-01-22 06:56:38.059000+00:00,af23bced96b2219f4fd457855eaca22c,"[""Learner""]",Membership,96d983b662d80c83af29293c72b6b008,NavigationEvent,Person,NavigatedTo,Page,,wiki_page,GET,2033-01-22 06:56:38.059000+00:00,SoftwareApplication,Session,wikiPage,wikiPage,,d0830b45b5e5d05589a59d363d04ee0c,1.10 Module 1 conclusion,LEARNER_30
51510,NavigationEvent,navigatedto,2033-01-26 02:00:50.168000+00:00,f7ddf79fa5497371e77f153333ca8419,"[""Learner""]",Membership,465c05d275695ed59b00dec0cd408b31,NavigationEvent,Person,NavigatedTo,Page,,wiki_page,GET,2033-01-26 02:00:50.168000+00:00,SoftwareApplication,Session,wikiPage,wikiPage,,d0830b45b5e5d05589a59d363d04ee0c,1.10 Module 1 conclusion,LEARNER_30
51511,NavigationEvent,navigatedto,2033-01-25 09:28:07.010000+00:00,461f2be968b0f35f330bacec4460a112,"[""Learner""]",Membership,4ea17299adf9e4f0c1da4f65ec9fb29d,NavigationEvent,Person,NavigatedTo,Page,,wiki_page,GET,2033-01-25 09:28:07.010000+00:00,SoftwareApplication,Session,wikiPage,wikiPage,,d0830b45b5e5d05589a59d363d04ee0c,1.10 Module 1 conclusion,LEARNER_30
51512,NavigationEvent,navigatedto,2033-01-26 05:46:03.237000+00:00,f7ddf79fa5497371e77f153333ca8419,"[""Learner""]",Membership,ba7afe99467eebb796e4852f0f43a64b,NavigationEvent,Person,NavigatedTo,Page,,wiki_page,GET,2033-01-26 05:46:03.237000+00:00,SoftwareApplication,Session,wikiPage,wikiPage,,d0830b45b5e5d05589a59d363d04ee0c,1.10 Module 1 conclusion,LEARNER_30
51513,NavigationEvent,navigatedto,2033-01-12 03:18:56.801000+00:00,35ab68dd520986a2bd322d1ca52269bd,"[""Learner""]",Membership,71a0e49933aa32e534d722c9329fc9b4,NavigationEvent,Person,NavigatedTo,Page,,wiki_page,GET,2033-01-12 03:18:56.801000+00:00,SoftwareApplication,Session,wikiPage,wikiPage,,d0830b45b5e5d05589a59d363d04ee0c,1.10 Module 1 conclusion,LEARNER_30
51514,NavigationEvent,navigatedto,2033-01-12 03:19:11.748000+00:00,35ab68dd520986a2bd322d1ca52269bd,"[""Learner""]",Membership,c9b1de110db14e0661925717e0517efb,NavigationEvent,Person,NavigatedTo,Page,,wiki_page,GET,2033-01-12 03:19:11.748000+00:00,SoftwareApplication,Session,wikiPage,wikiPage,,d0830b45b5e5d05589a59d363d04ee0c,1.10 Module 1 conclusion,LEARNER_30
51515,NavigationEvent,navigatedto,2033-01-26 02:06:50.423000+00:00,f7ddf79fa5497371e77f153333ca8419,"[""Learner""]",Membership,1641039be0d299d70e3fdd3bdce28c2a,NavigationEvent,Person,NavigatedTo,Page,,wiki_page,GET,2033-01-26 02:06:50.423000+00:00,SoftwareApplication,Session,wikiPage,wikiPage,,d0830b45b5e5d05589a59d363d04ee0c,1.10 Module 1 conclusion,LEARNER_30
51516,NavigationEvent,navigatedto,2033-01-26 09:02:53.161000+00:00,f7ddf79fa5497371e77f153333ca8419,"[""Learner""]",Membership,12daa1e836981b073ab5408070a3d379,NavigationEvent,Person,NavigatedTo,Page,,wiki_page,GET,2033-01-26 09:02:53.161000+00:00,SoftwareApplication,Session,wikiPage,wikiPage,,d0830b45b5e5d05589a59d363d04ee0c,1.10 Module 1 conclusion,LEARNER_30
52460,NavigationEvent,navigatedto,2033-01-29 12:08:50.436000+00:00,aa180343d3268c8a477f91dd5718aacf,"[""Learner""]",Membership,382c851810f0ca9a282799ec5fa78e07,NavigationEvent,Person,NavigatedTo,Page,,wiki_page,GET,2033-01-29 12:08:50.436000+00:00,SoftwareApplication,Session,wikiPage,wikiPage,,d0830b45b5e5d05589a59d363d04ee0c,1.10 Module 1 conclusion,LEARNER_31
52461,NavigationEvent,navigatedto,2033-01-22 18:23:43.494000+00:00,d3305c0d64796b483fe396fb63c0895f,"[""Learner""]",Membership,0bb920b63ce2633faca70658f9c52824,NavigationEvent,Person,NavigatedTo,Page,,wiki_page,GET,2033-01-22 18:23:43.494000+00:00,SoftwareApplication,Session,wikiPage,wikiPage,,d0830b45b5e5d05589a59d363d04ee0c,1.10 Module 1 conclusion,LEARNER_31
52828,NavigationEvent,navigatedto,2033-01-08 12:20:25.603000+00:00,ca626c82770643582ebc3a7beea60498,"[""Learner""]",Membership,85c215b6784aa3ffaaf0ed7bea2e0567,NavigationEvent,Person,NavigatedTo,Page,,wiki_page,GET,2033-01-08 12:20:25.603000+00:00,SoftwareApplication,Session,wikiPage,wikiPage,,d0830b45b5e5d05589a59d363d04ee0c,1.10 Module 1 conclusion,LEARNER_32
53317,NavigationEvent,navigatedto,2033-03-10 17:39:21.586000+00:00,6458efd92720508a5d4b5cef3f10f8be,"[""Learner""]",Membership,18a3173861dd933a205ed91efbf8e56a,NavigationEvent,Person,NavigatedTo,Page,,wiki_page,GET,2033-03-10 17:39:21.586000+00:00,SoftwareApplication,Session,wikiPage,wikiPage,,d0830b45b5e5d05589a59d363d04ee0c,1.10 Module 1 conclusion,LEARNER_33
54036,NavigationEvent,navigatedto,2033-01-29 17:28:25.106000+00:00,87930ce8270cb5fbc40c2a91fe55360c,"[""Learner""]",Membership,8cb978b3f0f4270a7e566dd08768dbd7,NavigationEvent,Person,NavigatedTo,Page,,wiki_page,GET,2033-01-29 17:28:25.106000+00:00,SoftwareApplication,Session,wikiPage,wikiPage,,d0830b45b5e5d05589a59d363d04ee0c,1.10 Module 1 conclusion,LEARNER_34
54037,NavigationEvent,navigatedto,2033-01-29 17:28:55.352000+00:00,87930ce8270cb5fbc40c2a91fe55360c,"[""Learner""]",Membership,d922c5727f579cb45860c44079537012,NavigationEvent,Person,NavigatedTo,Page,,wiki_page,GET,2033-01-29 17:28:55.352000+00:00,SoftwareApplication,Session,wikiPage,wikiPage,,d0830b45b5e5d05589a59d363d04ee0c,1.10 Module 1 conclusion,LEARNER_34
54899,NavigationEvent,navigatedto,2033-01-31 01:14:37.903000+00:00,e28611618377bc39330979322b6e9b5d,"[""Learner""]",Membership,6673ba58ba8153589c569854019d352d,NavigationEvent,Person,NavigatedTo,Page,,wiki_page,GET,2033-01-31 01:14:37.903000+00:00,SoftwareApplication,Session,wikiPage,wikiPage,,d0830b45b5e5d05589a59d363d04ee0c,1.10 Module 1 conclusion,LEARNER_35
54900,NavigationEvent,navigatedto,2033-01-09 06:53:13.722000+00:00,3648778ab9e5fdf3e1fee80a13ed9571,"[""Learner""]",Membership,7e92c79db1a6602696158ad0e2ec4c17,NavigationEvent,Person,NavigatedTo,Page,,wiki_page,GET,2033-01-09 06:53:13.722000+00:00,SoftwareApplication,Session,wikiPage,wikiPage,,d0830b45b5e5d05589a59d363d04ee0c,1.10 Module 1 conclusion,LEARNER_35
56124,NavigationEvent,navigatedto,2033-02-05 16:29:05.296000+00:00,501a1d7aeb52f3ca02fe5f36cbfca8d3,"[""Learner""]",Membership,8acb67f6c86312a8f846de8d8278c456,NavigationEvent,Person,NavigatedTo,Page,,wiki_page,GET,2033-02-05 16:29:05.296000+00:00,SoftwareApplication,Session,wikiPage,wikiPage,,d0830b45b5e5d05589a59d363d04ee0c,1.10 Module 1 conclusion,LEARNER_36
56125,NavigationEvent,navigatedto,2033-05-05 08:36:52.097000+00:00,774a61d167ff2c59a63b1a21e5652413,"[""Learner""]",Membership,2ed0bdf8228e3d6d81684801b30136d1,NavigationEvent,Person,NavigatedTo,Page,,wiki_page,GET,2033-05-05 08:36:52.097000+00:00,SoftwareApplication,Session,wikiPage,wikiPage,,d0830b45b5e5d05589a59d363d04ee0c,1.10 Module 1 conclusion,LEARNER_36
56126,NavigationEvent,navigatedto,2033-02-04 09:17:31.405000+00:00,d6faea7ac2c86f7d18fae954e5c6a135,"[""Learner""]",Membership,152102d8c6595af1f034f1bf9aa0a733,NavigationEvent,Person,NavigatedTo,Page,,wiki_page,GET,2033-02-04 09:17:31.405000+00:00,SoftwareApplication,Session,wikiPage,wikiPage,,d0830b45b5e5d05589a59d363d04ee0c,1.10 Module 1 conclusion,LEARNER_36
56127,NavigationEvent,navigatedto,2033-02-05 07:08:21.484000+00:00,501a1d7aeb52f3ca02fe5f36cbfca8d3,"[""Learner""]",Membership,ac262d26ba6f513d9fb753fcab0df720,NavigationEvent,Person,NavigatedTo,Page,,wiki_page,GET,2033-02-05 07:08:21.484000+00:00,SoftwareApplication,Session,wikiPage,wikiPage,,d0830b45b5e5d05589a59d363d04ee0c,1.10 Module 1 conclusion,LEARNER_36
56128,NavigationEvent,navigatedto,2033-02-05 08:47:05.011000+00:00,501a1d7aeb52f3ca02fe5f36cbfca8d3,"[""Learner""]",Membership,4b8b76ab0ede2b613c3f986b87683c4f,NavigationEvent,Person,NavigatedTo,Page,,wiki_page,GET,2033-02-05 08:47:05.011000+00:00,SoftwareApplication,Session,wikiPage,wikiPage,,d0830b45b5e5d05589a59d363d04ee0c,1.10 Module 1 conclusion,LEARNER_36
56129,NavigationEvent,navigatedto,2033-02-04 11:55:03.216000+00:00,d6faea7ac2c86f7d18fae954e5c6a135,"[""Learner""]",Membership,bf33f504330504efe8a5016bdae2c0e3,NavigationEvent,Person,NavigatedTo,Page,,wiki_page,GET,2033-02-04 11:55:03.216000+00:00,SoftwareApplication,Session,wikiPage,wikiPage,,d0830b45b5e5d05589a59d363d04ee0c,1.10 Module 1 conclusion,LEARNER_36
56130,NavigationEvent,navigatedto,2033-02-04 11:49:30.929000+00:00,d6faea7ac2c86f7d18fae954e5c6a135,"[""Learner""]",Membership,2b0440df3058f449fa4993abce266c0f,NavigationEvent,Person,NavigatedTo,Page,,wiki_page,GET,2033-02-04 11:49:30.929000+00:00,SoftwareApplication,Session,wikiPage,wikiPage,,d0830b45b5e5d05589a59d363d04ee0c,1.10 Module 1 conclusion,LEARNER_36
56131,NavigationEvent,navigatedto,2033-02-05 15:50:00.812000+00:00,501a1d7aeb52f3ca02fe5f36cbfca8d3,"[""Learner""]",Membership,266d04da734df391b96321eb281cf353,NavigationEvent,Person,NavigatedTo,Page,,wiki_page,GET,2033-02-05 15:50:00.812000+00:00,SoftwareApplication,Session,wikiPage,wikiPage,,d0830b45b5e5d05589a59d363d04ee0c,1.10 Module 1 conclusion,LEARNER_36
57264,NavigationEvent,navigatedto,2033-01-12 19:53:24.571000+00:00,2d767559ef95021787bf50869a912224,"[""Learner""]",Membership,a9052c74bf53c6d88e5d7e37ace7e39a,NavigationEvent,Person,NavigatedTo,Page,,wiki_page,GET,2033-01-12 19:53:24.571000+00:00,SoftwareApplication,Session,wikiPage,wikiPage,,d0830b45b5e5d05589a59d363d04ee0c,1.10 Module 1 conclusion,LEARNER_37
57265,NavigationEvent,navigatedto,2033-01-12 19:53:04.357000+00:00,2d767559ef95021787bf50869a912224,"[""Learner""]",Membership,2bcbbffc7e1c3e035ad8c428ded25734,NavigationEvent,Person,NavigatedTo,Page,,wiki_page,GET,2033-01-12 19:53:04.357000+00:00,SoftwareApplication,Session,wikiPage,wikiPage,,d0830b45b5e5d05589a59d363d04ee0c,1.10 Module 1 conclusion,LEARNER_37
57266,NavigationEvent,navigatedto,2033-05-04 18:52:53.559000+00:00,c675cddd8cbc3d6894e61dc4ebb1e814,"[""Learner""]",Membership,b172a0b84292fb3c8ce118fb7e949882,NavigationEvent,Person,NavigatedTo,Page,,wiki_page,GET,2033-05-04 18:52:53.559000+00:00,SoftwareApplication,Session,wikiPage,wikiPage,,d0830b45b5e5d05589a59d363d04ee0c,1.10 Module 1 conclusion,LEARNER_37
57267,NavigationEvent,navigatedto,2033-01-27 19:12:42.131000+00:00,9c2c70777b7692e0affb8fddd33519e8,"[""Learner""]",Membership,2559f6baca3063352deeff2deb2437d2,NavigationEvent,Person,NavigatedTo,Page,,wiki_page,GET,2033-01-27 19:12:42.131000+00:00,SoftwareApplication,Session,wikiPage,wikiPage,,d0830b45b5e5d05589a59d363d04ee0c,1.10 Module 1 conclusion,LEARNER_37
57650,NavigationEvent,navigatedto,2033-02-05 12:27:17.988000+00:00,240f2b964d3d8c4e5dd039b3b6bda255,"[""Learner""]",Membership,c0f2278d811a5dbd03d1b7582dc7c3fa,NavigationEvent,Person,NavigatedTo,Page,,wiki_page,GET,2033-02-05 12:27:17.988000+00:00,SoftwareApplication,Session,wikiPage,wikiPage,,d0830b45b5e5d05589a59d363d04ee0c,1.10 Module 1 conclusion,LEARNER_38
57937,NavigationEvent,navigatedto,2033-02-04 23:34:07.136000+00:00,8f8c844bfd05834b1805290fbc7744bb,"[""Learner""]",Membership,35b38d5feddf87aacde4dfbbc26dc905,NavigationEvent,Person,NavigatedTo,Page,,wiki_page,GET,2033-02-04 23:34:07.136000+00:00,SoftwareApplication,Session,wikiPage,wikiPage,,d0830b45b5e5d05589a59d363d04ee0c,1.10 Module 1 conclusion,LEARNER_40
58196,NavigationEvent,navigatedto,2033-01-05 13:37:56.951000+00:00,2eb8fcb6be7c0a3bae810a4ec4d61c0b,Null,Membership,c4bab9ec79809991227756fbf2e9e99c,NavigationEvent,Person,NavigatedTo,Page,,wiki_page,GET,2033-01-05 13:37:56.951000+00:00,SoftwareApplication,Session,wikiPage,wikiPage,,d0830b45b5e5d05589a59d363d04ee0c,1.10 Module 1 conclusion,UNKN_1
61286,NavigationEvent,navigatedto,2033-03-24 13:32:15.578000+00:00,9504506e57d140b00cae825666595034,Null,Membership,c90e13deec39f4072e1c905874def19d,NavigationEvent,Person,NavigatedTo,Page,,wiki_page,GET,2033-03-24 13:32:15.578000+00:00,SoftwareApplication,,wikiPage,wikiPage,,d0830b45b5e5d05589a59d363d04ee0c,1.10 Module 1 conclusion,UNKN_3
61287,NavigationEvent,navigatedto,2033-02-17 09:30:44.913000+00:00,9504506e57d140b00cae825666595034,Null,Membership,6a045079260882bce4cbce2b6341798d,NavigationEvent,Person,NavigatedTo,Page,,wiki_page,GET,2033-02-17 09:30:44.913000+00:00,SoftwareApplication,,wikiPage,wikiPage,,d0830b45b5e5d05589a59d363d04ee0c,1.10 Module 1 conclusion,UNKN_3
61288,NavigationEvent,navigatedto,2033-01-09 07:18:55.449000+00:00,9504506e57d140b00cae825666595034,Null,Membership,a100c6530c9ea0222b74212df4994893,NavigationEvent,Person,NavigatedTo,Page,,wiki_page,GET,2033-01-09 07:18:55.449000+00:00,SoftwareApplication,,wikiPage,wikiPage,,d0830b45b5e5d05589a59d363d04ee0c,1.10 Module 1 conclusion,UNKN_3
61289,NavigationEvent,navigatedto,2033-02-22 08:52:31.782000+00:00,9504506e57d140b00cae825666595034,Null,Membership,06693436ed500f504e844b03891a6b80,NavigationEvent,Person,NavigatedTo,Page,,wiki_page,GET,2033-02-22 08:52:31.782000+00:00,SoftwareApplication,,wikiPage,wikiPage,,d0830b45b5e5d05589a59d363d04ee0c,1.10 Module 1 conclusion,UNKN_3
61290,NavigationEvent,navigatedto,2033-02-26 11:06:02.117000+00:00,9504506e57d140b00cae825666595034,Null,Membership,cd860b50196342ee010f946d1d288865,NavigationEvent,Person,NavigatedTo,Page,,wiki_page,GET,2033-02-26 11:06:02.117000+00:00,SoftwareApplication,,wikiPage,wikiPage,,d0830b45b5e5d05589a59d363d04ee0c,1.10 Module 1 conclusion,UNKN_3
61291,NavigationEvent,navigatedto,2033-03-21 11:52:38.440000+00:00,9504506e57d140b00cae825666595034,Null,Membership,6732711b1be8e226c6a5c8b505de875b,NavigationEvent,Person,NavigatedTo,Page,,wiki_page,GET,2033-03-21 11:52:38.440000+00:00,SoftwareApplication,,wikiPage,wikiPage,,d0830b45b5e5d05589a59d363d04ee0c,1.10 Module 1 conclusion,UNKN_3
61292,NavigationEvent,navigatedto,2033-03-14 15:08:59.589000+00:00,9504506e57d140b00cae825666595034,Null,Membership,d85d039a66160f575ada0717406bf190,NavigationEvent,Person,NavigatedTo,Page,,wiki_page,GET,2033-03-14 15:08:59.589000+00:00,SoftwareApplication,,wikiPage,wikiPage,,d0830b45b5e5d05589a59d363d04ee0c,1.10 Module 1 conclusion,UNKN_3
61293,NavigationEvent,navigatedto,2033-01-13 15:04:23.687000+00:00,9504506e57d140b00cae825666595034,Null,Membership,ab3e7f1bab38fe96faf208b1b609b346,NavigationEvent,Person,NavigatedTo,Page,,wiki_page,GET,2033-01-13 15:04:23.687000+00:00,SoftwareApplication,,wikiPage,wikiPage,,d0830b45b5e5d05589a59d363d04ee0c,1.10 Module 1 conclusion,UNKN_3
61294,NavigationEvent,navigatedto,2033-03-26 16:11:43.001000+00:00,9504506e57d140b00cae825666595034,Null,Membership,4dcaa90e97e07ef78bfa5ad77619dab7,NavigationEvent,Person,NavigatedTo,Page,,wiki_page,GET,2033-03-26 16:11:43.001000+00:00,SoftwareApplication,,wikiPage,wikiPage,,d0830b45b5e5d05589a59d363d04ee0c,1.10 Module 1 conclusion,UNKN_3
61295,NavigationEvent,navigatedto,2033-01-05 12:03:56.067000+00:00,9504506e57d140b00cae825666595034,Null,Membership,1e754b8e8462c2babc7af5ef1eeb013a,NavigationEvent,Person,NavigatedTo,Page,,wiki_page,GET,2033-01-05 12:03:56.067000+00:00,SoftwareApplication,,wikiPage,wikiPage,,d0830b45b5e5d05589a59d363d04ee0c,1.10 Module 1 conclusion,UNKN_3
61296,NavigationEvent,navigatedto,2033-02-16 10:28:42.291000+00:00,9504506e57d140b00cae825666595034,Null,Membership,0aeff50261f08b1107ea105bf58fea51,NavigationEvent,Person,NavigatedTo,Page,,wiki_page,GET,2033-02-16 10:28:42.291000+00:00,SoftwareApplication,,wikiPage,wikiPage,,d0830b45b5e5d05589a59d363d04ee0c,1.10 Module 1 conclusion,UNKN_3
61297,NavigationEvent,navigatedto,2033-02-27 10:57:40.861000+00:00,9504506e57d140b00cae825666595034,Null,Membership,5512dac299c40b2560d3f859cd1bed01,NavigationEvent,Person,NavigatedTo,Page,,wiki_page,GET,2033-02-27 10:57:40.861000+00:00,SoftwareApplication,,wikiPage,wikiPage,,d0830b45b5e5d05589a59d363d04ee0c,1.10 Module 1 conclusion,UNKN_3
61298,NavigationEvent,navigatedto,2033-01-20 16:00:07.162000+00:00,9504506e57d140b00cae825666595034,Null,Membership,f59dd5f2c5ce049ad503a214e9fc91ea,NavigationEvent,Person,NavigatedTo,Page,,wiki_page,GET,2033-01-20 16:00:07.162000+00:00,SoftwareApplication,,wikiPage,wikiPage,,d0830b45b5e5d05589a59d363d04ee0c,1.10 Module 1 conclusion,UNKN_3
61299,NavigationEvent,navigatedto,2033-02-05 20:09:49.992000+00:00,9504506e57d140b00cae825666595034,Null,Membership,88c73c4ce9279cede68b8d38d34b4508,NavigationEvent,Person,NavigatedTo,Page,,wiki_page,GET,2033-02-05 20:09:49.992000+00:00,SoftwareApplication,,wikiPage,wikiPage,,d0830b45b5e5d05589a59d363d04ee0c,1.10 Module 1 conclusion,UNKN_3
61300,NavigationEvent,navigatedto,2033-02-14 09:02:17.853000+00:00,9504506e57d140b00cae825666595034,Null,Membership,f1ee189981d1bad17e1bd0e68dc0fdb9,NavigationEvent,Person,NavigatedTo,Page,,wiki_page,GET,2033-02-14 09:02:17.853000+00:00,SoftwareApplication,,wikiPage,wikiPage,,d0830b45b5e5d05589a59d363d04ee0c,1.10 Module 1 conclusion,UNKN_3
61301,NavigationEvent,navigatedto,2033-02-12 08:46:27.249000+00:00,9504506e57d140b00cae825666595034,Null,Membership,a352b5f5f27b570a63f4a26e36a16588,NavigationEvent,Person,NavigatedTo,Page,,wiki_page,GET,2033-02-12 08:46:27.249000+00:00,SoftwareApplication,,wikiPage,wikiPage,,d0830b45b5e5d05589a59d363d04ee0c,1.10 Module 1 conclusion,UNKN_3
61302,NavigationEvent,navigatedto,2033-01-14 16:37:41.823000+00:00,9504506e57d140b00cae825666595034,Null,Membership,93246f5faa31e453c0992755aa461230,NavigationEvent,Person,NavigatedTo,Page,,wiki_page,GET,2033-01-14 16:37:41.823000+00:00,SoftwareApplication,,wikiPage,wikiPage,,d0830b45b5e5d05589a59d363d04ee0c,1.10 Module 1 conclusion,UNKN_3
61303,NavigationEvent,navigatedto,2033-01-22 14:26:29.262000+00:00,9504506e57d140b00cae825666595034,Null,Membership,46ad2daeea7706b32b6a121fcc57dc05,NavigationEvent,Person,NavigatedTo,Page,,wiki_page,GET,2033-01-22 14:26:29.262000+00:00,SoftwareApplication,,wikiPage,wikiPage,,d0830b45b5e5d05589a59d363d04ee0c,1.10 Module 1 conclusion,UNKN_3
61304,NavigationEvent,navigatedto,2033-02-02 15:16:06.807000+00:00,9504506e57d140b00cae825666595034,Null,Membership,8351b3b7d83e87eb50effbae84f89686,NavigationEvent,Person,NavigatedTo,Page,,wiki_page,GET,2033-02-02 15:16:06.807000+00:00,SoftwareApplication,,wikiPage,wikiPage,,d0830b45b5e5d05589a59d363d04ee0c,1.10 Module 1 conclusion,UNKN_3
61305,NavigationEvent,navigatedto,2033-04-26 16:41:38.883000+00:00,9504506e57d140b00cae825666595034,Null,Membership,c14402050fd3b6920aaaa46633dc65a1,NavigationEvent,Person,NavigatedTo,Page,,wiki_page,GET,2033-04-26 16:41:38.883000+00:00,SoftwareApplication,,wikiPage,wikiPage,,d0830b45b5e5d05589a59d363d04ee0c,1.10 Module 1 conclusion,UNKN_3
61306,NavigationEvent,navigatedto,2033-01-15 14:18:04.936000+00:00,9504506e57d140b00cae825666595034,Null,Membership,7dfe0a256a97328c3c973b9e440cadc4,NavigationEvent,Person,NavigatedTo,Page,,wiki_page,GET,2033-01-15 14:18:04.936000+00:00,SoftwareApplication,,wikiPage,wikiPage,,d0830b45b5e5d05589a59d363d04ee0c,1.10 Module 1 conclusion,UNKN_3
61307,NavigationEvent,navigatedto,2033-02-07 16:55:19.194000+00:00,9504506e57d140b00cae825666595034,Null,Membership,c452f85bee8a3d11b1c7f51ec2d8efee,NavigationEvent,Person,NavigatedTo,Page,,wiki_page,GET,2033-02-07 16:55:19.194000+00:00,SoftwareApplication,,wikiPage,wikiPage,,d0830b45b5e5d05589a59d363d04ee0c,1.10 Module 1 conclusion,UNKN_3
61308,NavigationEvent,navigatedto,2033-04-09 09:57:58.457000+00:00,9504506e57d140b00cae825666595034,Null,Membership,c64d3b29da04f414914f106643b21b5a,NavigationEvent,Person,NavigatedTo,Page,,wiki_page,GET,2033-04-09 09:57:58.457000+00:00,SoftwareApplication,,wikiPage,wikiPage,,d0830b45b5e5d05589a59d363d04ee0c,1.10 Module 1 conclusion,UNKN_3
61309,NavigationEvent,navigatedto,2033-02-24 10:14:38.131000+00:00,9504506e57d140b00cae825666595034,Null,Membership,5ad481474b4a284e136070e712cabab9,NavigationEvent,Person,NavigatedTo,Page,,wiki_page,GET,2033-02-24 10:14:38.131000+00:00,SoftwareApplication,,wikiPage,wikiPage,,d0830b45b5e5d05589a59d363d04ee0c,1.10 Module 1 conclusion,UNKN_3
61310,NavigationEvent,navigatedto,2033-02-15 09:58:33.846000+00:00,9504506e57d140b00cae825666595034,Null,Membership,7c0d763934e8356310a49d48b941ed4b,NavigationEvent,Person,NavigatedTo,Page,,wiki_page,GET,2033-02-15 09:58:33.846000+00:00,SoftwareApplication,,wikiPage,wikiPage,,d0830b45b5e5d05589a59d363d04ee0c,1.10 Module 1 conclusion,UNKN_3
61311,NavigationEvent,navigatedto,2033-03-23 07:28:49.167000+00:00,9504506e57d140b00cae825666595034,Null,Membership,84e3f6b342c11e2108b716f5dfdf4cd8,NavigationEvent,Person,NavigatedTo,Page,,wiki_page,GET,2033-03-23 07:28:49.167000+00:00,SoftwareApplication,,wikiPage,wikiPage,,d0830b45b5e5d05589a59d363d04ee0c,1.10 Module 1 conclusion,UNKN_3
61312,NavigationEvent,navigatedto,2033-03-12 10:00:09.781000+00:00,9504506e57d140b00cae825666595034,Null,Membership,1bc11fee327dd42d7113fb95e130c1d0,NavigationEvent,Person,NavigatedTo,Page,,wiki_page,GET,2033-03-12 10:00:09.781000+00:00,SoftwareApplication,,wikiPage,wikiPage,,d0830b45b5e5d05589a59d363d04ee0c,1.10 Module 1 conclusion,UNKN_3
61313,NavigationEvent,navigatedto,2033-03-28 08:17:53.841000+00:00,9504506e57d140b00cae825666595034,Null,Membership,ce2400fb13dd7fc7ddf31529ec5d6201,NavigationEvent,Person,NavigatedTo,Page,,wiki_page,GET,2033-03-28 08:17:53.841000+00:00,SoftwareApplication,,wikiPage,wikiPage,,d0830b45b5e5d05589a59d363d04ee0c,1.10 Module 1 conclusion,UNKN_3
61314,NavigationEvent,navigatedto,2033-03-25 08:15:44.615000+00:00,9504506e57d140b00cae825666595034,Null,Membership,2f61771e7694dbc321dfce1b23fb8e8a,NavigationEvent,Person,NavigatedTo,Page,,wiki_page,GET,2033-03-25 08:15:44.615000+00:00,SoftwareApplication,,wikiPage,wikiPage,,d0830b45b5e5d05589a59d363d04ee0c,1.10 Module 1 conclusion,UNKN_3
61315,NavigationEvent,navigatedto,2033-03-30 10:57:12.040000+00:00,9504506e57d140b00cae825666595034,Null,Membership,407d350b2841abb21da396927b2e539b,NavigationEvent,Person,NavigatedTo,Page,,wiki_page,GET,2033-03-30 10:57:12.040000+00:00,SoftwareApplication,,wikiPage,wikiPage,,d0830b45b5e5d05589a59d363d04ee0c,1.10 Module 1 conclusion,UNKN_3
61316,NavigationEvent,navigatedto,2033-01-07 09:25:24.191000+00:00,9504506e57d140b00cae825666595034,Null,Membership,ff323cd5204c1dc7d7d78a74b3ff81b0,NavigationEvent,Person,NavigatedTo,Page,,wiki_page,GET,2033-01-07 09:25:24.191000+00:00,SoftwareApplication,,wikiPage,wikiPage,,d0830b45b5e5d05589a59d363d04ee0c,1.10 Module 1 conclusion,UNKN_3
61317,NavigationEvent,navigatedto,2033-01-18 17:13:10.113000+00:00,9504506e57d140b00cae825666595034,Null,Membership,34c959e206f317f0eaa82d8e8e03c48b,NavigationEvent,Person,NavigatedTo,Page,,wiki_page,GET,2033-01-18 17:13:10.113000+00:00,SoftwareApplication,,wikiPage,wikiPage,,d0830b45b5e5d05589a59d363d04ee0c,1.10 Module 1 conclusion,UNKN_3
61318,NavigationEvent,navigatedto,2033-03-19 06:37:25.640000+00:00,9504506e57d140b00cae825666595034,Null,Membership,288f2c2c9041db2821366c8286d5d1ee,NavigationEvent,Person,NavigatedTo,Page,,wiki_page,GET,2033-03-19 06:37:25.640000+00:00,SoftwareApplication,,wikiPage,wikiPage,,d0830b45b5e5d05589a59d363d04ee0c,1.10 Module 1 conclusion,UNKN_3
61319,NavigationEvent,navigatedto,2033-03-20 11:27:57.058000+00:00,9504506e57d140b00cae825666595034,Null,Membership,28068d03806262d45f6b43e35f46454e,NavigationEvent,Person,NavigatedTo,Page,,wiki_page,GET,2033-03-20 11:27:57.058000+00:00,SoftwareApplication,,wikiPage,wikiPage,,d0830b45b5e5d05589a59d363d04ee0c,1.10 Module 1 conclusion,UNKN_3
61320,NavigationEvent,navigatedto,2033-01-08 10:58:36.736000+00:00,9504506e57d140b00cae825666595034,Null,Membership,949e92bde8da160ca008ded207ab7296,NavigationEvent,Person,NavigatedTo,Page,,wiki_page,GET,2033-01-08 10:58:36.736000+00:00,SoftwareApplication,,wikiPage,wikiPage,,d0830b45b5e5d05589a59d363d04ee0c,1.10 Module 1 conclusion,UNKN_3
61321,NavigationEvent,navigatedto,2033-03-13 06:47:22.168000+00:00,9504506e57d140b00cae825666595034,Null,Membership,b878771463645f14ea9be26161ad9808,NavigationEvent,Person,NavigatedTo,Page,,wiki_page,GET,2033-03-13 06:47:22.168000+00:00,SoftwareApplication,,wikiPage,wikiPage,,d0830b45b5e5d05589a59d363d04ee0c,1.10 Module 1 conclusion,UNKN_3
61322,NavigationEvent,navigatedto,2033-02-20 09:58:30.419000+00:00,9504506e57d140b00cae825666595034,Null,Membership,92fcf7c0340f0bc07b2345baa60729cd,NavigationEvent,Person,NavigatedTo,Page,,wiki_page,GET,2033-02-20 09:58:30.419000+00:00,SoftwareApplication,,wikiPage,wikiPage,,d0830b45b5e5d05589a59d363d04ee0c,1.10 Module 1 conclusion,UNKN_3
61323,NavigationEvent,navigatedto,2033-03-06 11:47:43.528000+00:00,9504506e57d140b00cae825666595034,Null,Membership,7ad6e50daf4e47cdbeb27dc7ff577a72,NavigationEvent,Person,NavigatedTo,Page,,wiki_page,GET,2033-03-06 11:47:43.528000+00:00,SoftwareApplication,,wikiPage,wikiPage,,d0830b45b5e5d05589a59d363d04ee0c,1.10 Module 1 conclusion,UNKN_3
61324,NavigationEvent,navigatedto,2033-04-03 12:59:14.764000+00:00,9504506e57d140b00cae825666595034,Null,Membership,4edc983a355b5b1a2a9059f7175b1118,NavigationEvent,Person,NavigatedTo,Page,,wiki_page,GET,2033-04-03 12:59:14.764000+00:00,SoftwareApplication,,wikiPage,wikiPage,,d0830b45b5e5d05589a59d363d04ee0c,1.10 Module 1 conclusion,UNKN_3
61325,NavigationEvent,navigatedto,2033-02-06 10:26:59.537000+00:00,9504506e57d140b00cae825666595034,Null,Membership,809ab4f819ce81e5ae22884cb5ac481f,NavigationEvent,Person,NavigatedTo,Page,,wiki_page,GET,2033-02-06 10:26:59.537000+00:00,SoftwareApplication,,wikiPage,wikiPage,,d0830b45b5e5d05589a59d363d04ee0c,1.10 Module 1 conclusion,UNKN_3
61326,NavigationEvent,navigatedto,2033-04-04 10:58:18.416000+00:00,9504506e57d140b00cae825666595034,Null,Membership,5a1ab9b887f7f9042be0336f3e0e3fbd,NavigationEvent,Person,NavigatedTo,Page,,wiki_page,GET,2033-04-04 10:58:18.416000+00:00,SoftwareApplication,,wikiPage,wikiPage,,d0830b45b5e5d05589a59d363d04ee0c,1.10 Module 1 conclusion,UNKN_3
61327,NavigationEvent,navigatedto,2033-03-27 14:32:46.649000+00:00,9504506e57d140b00cae825666595034,Null,Membership,429f4ea3f759890c7230df9694bbeacf,NavigationEvent,Person,NavigatedTo,Page,,wiki_page,GET,2033-03-27 14:32:46.649000+00:00,SoftwareApplication,,wikiPage,wikiPage,,d0830b45b5e5d05589a59d363d04ee0c,1.10 Module 1 conclusion,UNKN_3
61328,NavigationEvent,navigatedto,2033-01-29 11:16:01.769000+00:00,9504506e57d140b00cae825666595034,Null,Membership,332c70e59abc671e01d6919d3738a68e,NavigationEvent,Person,NavigatedTo,Page,,wiki_page,GET,2033-01-29 11:16:01.769000+00:00,SoftwareApplication,,wikiPage,wikiPage,,d0830b45b5e5d05589a59d363d04ee0c,1.10 Module 1 conclusion,UNKN_3
61329,NavigationEvent,navigatedto,2033-03-05 09:10:43.668000+00:00,9504506e57d140b00cae825666595034,Null,Membership,8818dad2c486abd7aa4fb30b5001117c,NavigationEvent,Person,NavigatedTo,Page,,wiki_page,GET,2033-03-05 09:10:43.668000+00:00,SoftwareApplication,,wikiPage,wikiPage,,d0830b45b5e5d05589a59d363d04ee0c,1.10 Module 1 conclusion,UNKN_3
61330,NavigationEvent,navigatedto,2033-02-23 10:57:26.319000+00:00,9504506e57d140b00cae825666595034,Null,Membership,f8b8705899c228e6cbb7d541f48af94c,NavigationEvent,Person,NavigatedTo,Page,,wiki_page,GET,2033-02-23 10:57:26.319000+00:00,SoftwareApplication,,wikiPage,wikiPage,,d0830b45b5e5d05589a59d363d04ee0c,1.10 Module 1 conclusion,UNKN_3
61331,NavigationEvent,navigatedto,2033-03-15 07:53:56.949000+00:00,9504506e57d140b00cae825666595034,Null,Membership,138d43df0f2d5db48566c2b05f32a791,NavigationEvent,Person,NavigatedTo,Page,,wiki_page,GET,2033-03-15 07:53:56.949000+00:00,SoftwareApplication,,wikiPage,wikiPage,,d0830b45b5e5d05589a59d363d04ee0c,1.10 Module 1 conclusion,UNKN_3
61332,NavigationEvent,navigatedto,2033-01-26 15:18:39.137000+00:00,9504506e57d140b00cae825666595034,Null,Membership,9b727432d90c341f6b8dc74115c68468,NavigationEvent,Person,NavigatedTo,Page,,wiki_page,GET,2033-01-26 15:18:39.137000+00:00,SoftwareApplication,,wikiPage,wikiPage,,d0830b45b5e5d05589a59d363d04ee0c,1.10 Module 1 conclusion,UNKN_3
